id,key,value,type
25926073,highway,traffic_signals,regular
25926073,traffic_signals,signal,regular
26198718,highway,traffic_signals,regular
26198718,created_by,JOSM,regular
26199742,created_by,JOSM,regular
26287318,created_by,JOSM,regular
26304824,created_by,JOSM,regular
26391716,highway,traffic_signals,regular
26391716,created_by,JOSM,regular
26482736,created_by,JOSM,regular
26482908,created_by,JOSM,regular
26484079,created_by,JOSM,regular
26592095,highway,traffic_signals,regular
26685033,created_by,JOSM,regular
27127996,created_by,JOSM,regular
27271726,created_by,JOSM,regular
27446797,created_by,JOSM,regular
27447050,created_by,JOSM,regular
27447255,created_by,JOSM,regular
27556098,created_by,JOSM,regular
27556293,created_by,JOSM,regular
27556433,created_by,JOSM,regular
27556562,created_by,JOSM,regular
27571651,source,PGS,regular
27571651,created_by,almien_coastlines,regular
27571957,source,PGS,regular
27571957,created_by,almien_coastlines,regular
27572112,source,PGS,regular
27572112,created_by,almien_coastlines,regular
27572247,source,PGS,regular
27572404,source,PGS,regular
27572674,source,PGS,regular
27573012,source,PGS,regular
27573012,created_by,almien_coastlines,regular
27573168,source,PGS,regular
27573808,source,PGS,regular
27573808,created_by,almien_coastlines,regular
27574115,source,PGS,regular
27574115,created_by,almien_coastlines,regular
27574346,source,PGS,regular
27574346,created_by,almien_coastlines,regular
27574975,source,PGS,regular
27575269,source,PGS,regular
27575269,created_by,almien_coastlines,regular
27575585,source,PGS,regular
27575585,created_by,almien_coastlines,regular
27575768,source,PGS,regular
27575768,created_by,almien_coastlines,regular
27576159,source,PGS,regular
27576159,created_by,almien_coastlines,regular
27576369,source,PGS,regular
27576369,created_by,almien_coastlines,regular
27576529,source,PGS,regular
27576529,created_by,almien_coastlines,regular
27576727,source,PGS,regular
27576727,created_by,almien_coastlines,regular
27577206,source,PGS,regular
27577206,created_by,almien_coastlines,regular
27577370,source,PGS,regular
27577370,created_by,almien_coastlines,regular
27577516,source,PGS,regular
27578086,source,PGS,regular
27578086,created_by,almien_coastlines,regular
27578374,source,PGS,regular
27578374,created_by,almien_coastlines,regular
27578661,source,PGS,regular
27578661,created_by,almien_coastlines,regular
27578981,source,PGS,regular
27578981,created_by,almien_coastlines,regular
27582493,source,PGS,regular
27582493,created_by,almien_coastlines,regular
27582741,source,PGS,regular
27582741,created_by,almien_coastlines,regular
28111604,source,PGS,regular
28111930,source,PGS,regular
28112265,source,PGS,regular
28112548,source,PGS,regular
28112548,created_by,almien_coastlines,regular
28113165,source,PGS,regular
28114058,source,PGS,regular
28114058,created_by,almien_coastlines,regular
28114734,source,PGS,regular
28114734,created_by,almien_coastlines,regular
28115074,source,PGS,regular
28115074,created_by,almien_coastlines,regular
28115515,source,PGS,regular
28115515,created_by,almien_coastlines,regular
28120039,source,PGS,regular
28120039,created_by,almien_coastlines,regular
28120469,source,PGS,regular
28120813,source,PGS,regular
28120813,created_by,almien_coastlines,regular
28121025,source,PGS,regular
28121025,created_by,almien_coastlines,regular
28121402,source,PGS,regular
28121402,created_by,almien_coastlines,regular
28121786,source,PGS,regular
28121786,created_by,almien_coastlines,regular
28152182,source,PGS,regular
28163914,source,PGS,regular
28164935,source,PGS,regular
28167145,source,PGS,regular
28167145,created_by,almien_coastlines,regular
28167795,source,PGS,regular
28167795,created_by,almien_coastlines,regular
28168569,source,PGS,regular
28168569,created_by,almien_coastlines,regular
28169300,source,PGS,regular
28170094,source,PGS,regular
28170883,source,PGS,regular
28171697,source,PGS,regular
28171809,source,PGS,regular
28171809,created_by,almien_coastlines,regular
28172087,source,PGS,regular
28172087,created_by,almien_coastlines,regular
28172433,source,PGS,regular
28172433,created_by,almien_coastlines,regular
28173067,source,PGS,regular
28174284,source,PGS,regular
28174624,source,PGS,regular
28174624,created_by,almien_coastlines,regular
28175451,source,PGS,regular
28177288,source,PGS,regular
28179092,source,PGS,regular
28179285,source,PGS,regular
28179477,source,PGS,regular
28179999,source,PGS,regular
28180441,source,PGS,regular
28181375,source,PGS,regular
28182449,source,PGS,regular
28182449,created_by,almien_coastlines,regular
28183337,source,PGS,regular
28183337,created_by,almien_coastlines,regular
28183971,source,PGS,regular
28183971,created_by,almien_coastlines,regular
28184845,source,PGS,regular
28184845,created_by,almien_coastlines,regular
28186094,source,PGS,regular
28186094,created_by,almien_coastlines,regular
28187505,source,PGS,regular
28187505,created_by,almien_coastlines,regular
28189040,source,PGS,regular
28189040,created_by,almien_coastlines,regular
28189181,source,PGS,regular
28189181,created_by,almien_coastlines,regular
28189341,source,PGS,regular
28189341,created_by,almien_coastlines,regular
28189475,source,PGS,regular
28189475,created_by,almien_coastlines,regular
28189807,source,PGS,regular
28189807,created_by,almien_coastlines,regular
28189949,source,PGS,regular
28189949,created_by,almien_coastlines,regular
28190247,source,PGS,regular
28190247,created_by,almien_coastlines,regular
28190494,source,PGS,regular
28190494,created_by,almien_coastlines,regular
28190703,source,PGS,regular
28190828,source,PGS,regular
28190828,created_by,almien_coastlines,regular
28191201,source,PGS,regular
28191201,created_by,almien_coastlines,regular
28191334,source,PGS,regular
28191334,created_by,almien_coastlines,regular
28191483,source,PGS,regular
28191786,source,PGS,regular
28192025,source,PGS,regular
28192025,created_by,almien_coastlines,regular
28192206,source,PGS,regular
28192333,source,PGS,regular
28192333,created_by,almien_coastlines,regular
28192463,source,PGS,regular
28192668,source,PGS,regular
28192668,created_by,almien_coastlines,regular
28192787,source,PGS,regular
28192940,source,PGS,regular
28193116,source,PGS,regular
28193237,source,PGS,regular
28193237,created_by,almien_coastlines,regular
28193339,source,PGS,regular
28193339,created_by,almien_coastlines,regular
28193447,source,PGS,regular
28193447,created_by,almien_coastlines,regular
28193550,source,PGS,regular
28193550,created_by,almien_coastlines,regular
28193652,source,PGS,regular
28193754,source,PGS,regular
28193754,created_by,almien_coastlines,regular
28194312,source,PGS,regular
28194312,created_by,almien_coastlines,regular
28194589,source,PGS,regular
28194589,created_by,almien_coastlines,regular
28194910,source,PGS,regular
28195999,source,PGS,regular
28196466,source,PGS,regular
28342279,source,PGS,regular
28342514,source,PGS,regular
28342514,created_by,almien_coastlines,regular
28342785,source,PGS,regular
28343086,source,PGS,regular
28343300,source,PGS,regular
28343583,source,PGS,regular
28343799,source,PGS,regular
28344004,source,PGS,regular
28344279,source,PGS,regular
28344279,created_by,almien_coastlines,regular
28344459,source,PGS,regular
28344459,created_by,almien_coastlines,regular
28344753,source,PGS,regular
28345213,source,PGS,regular
28345213,created_by,almien_coastlines,regular
28345389,source,PGS,regular
28345389,created_by,almien_coastlines,regular
28345609,source,PGS,regular
28345609,created_by,almien_coastlines,regular
28346161,source,PGS,regular
28346161,created_by,almien_coastlines,regular
28346285,source,PGS,regular
28346285,created_by,almien_coastlines,regular
28346757,source,PGS,regular
28346757,created_by,almien_coastlines,regular
28347290,source,PGS,regular
28347782,source,PGS,regular
28347782,created_by,almien_coastlines,regular
28348430,source,PGS,regular
28348430,created_by,almien_coastlines,regular
28349108,source,PGS,regular
28349108,created_by,almien_coastlines,regular
28349418,source,PGS,regular
28349418,created_by,almien_coastlines,regular
28349699,source,PGS,regular
28350265,source,PGS,regular
28350265,created_by,almien_coastlines,regular
28351069,source,PGS,regular
28351317,source,PGS,regular
28351317,created_by,almien_coastlines,regular
28351753,source,PGS,regular
28351753,created_by,almien_coastlines,regular
28352663,source,PGS,regular
28352663,created_by,almien_coastlines,regular
28353214,source,PGS,regular
28353214,created_by,almien_coastlines,regular
28353889,source,PGS,regular
28353889,created_by,almien_coastlines,regular
28354215,source,PGS,regular
28354215,created_by,almien_coastlines,regular
28354471,source,PGS,regular
28354721,source,PGS,regular
28354721,created_by,almien_coastlines,regular
28355301,source,PGS,regular
28355301,created_by,almien_coastlines,regular
28356060,source,PGS,regular
28356060,created_by,almien_coastlines,regular
28356647,source,PGS,regular
28356647,created_by,almien_coastlines,regular
28357196,source,PGS,regular
28357196,created_by,almien_coastlines,regular
28357713,source,PGS,regular
28357713,created_by,almien_coastlines,regular
28357854,source,PGS,regular
28357854,created_by,almien_coastlines,regular
28357987,source,PGS,regular
28357987,created_by,almien_coastlines,regular
28358220,source,PGS,regular
28358470,source,PGS,regular
28358470,created_by,almien_coastlines,regular
28358749,source,PGS,regular
28358749,created_by,almien_coastlines,regular
28358935,source,PGS,regular
28360179,source,PGS,regular
28360179,created_by,almien_coastlines,regular
28360326,source,PGS,regular
28360326,created_by,almien_coastlines,regular
28360470,source,PGS,regular
28360587,source,PGS,regular
28360587,created_by,almien_coastlines,regular
28362262,source,PGS,regular
28362521,source,PGS,regular
28362521,created_by,almien_coastlines,regular
28362701,source,PGS,regular
28362701,created_by,almien_coastlines,regular
28362868,source,PGS,regular
28362868,created_by,almien_coastlines,regular
28364049,source,PGS,regular
28364049,created_by,almien_coastlines,regular
28366095,source,PGS,regular
28366095,created_by,almien_coastlines,regular
28368636,source,PGS,regular
28368636,created_by,almien_coastlines,regular
28371377,source,PGS,regular
28389217,source,PGS,regular
28389406,source,PGS,regular
28389406,created_by,almien_coastlines,regular
28389571,source,PGS,regular
28389571,created_by,almien_coastlines,regular
28389860,source,PGS,regular
28389860,created_by,almien_coastlines,regular
28390522,source,PGS,regular
28392081,source,PGS,regular
28392081,created_by,almien_coastlines,regular
28394420,source,PGS,regular
28394420,created_by,almien_coastlines,regular
28395311,source,PGS,regular
28395311,created_by,almien_coastlines,regular
28396328,source,PGS,regular
28396328,created_by,almien_coastlines,regular
28397631,source,PGS,regular
28397631,created_by,almien_coastlines,regular
28398702,source,PGS,regular
28398702,created_by,almien_coastlines,regular
28409947,source,PGS,regular
28409947,created_by,almien_coastlines,regular
28412374,source,PGS,regular
28414651,source,PGS,regular
28415655,source,PGS,regular
28417421,source,PGS,regular
28417421,created_by,almien_coastlines,regular
28418820,source,PGS,regular
28418820,created_by,almien_coastlines,regular
28419066,source,PGS,regular
28419066,created_by,almien_coastlines,regular
28419450,source,PGS,regular
28421765,source,PGS,regular
28421765,created_by,almien_coastlines,regular
28424489,source,PGS,regular
28424489,created_by,almien_coastlines,regular
28425690,source,PGS,regular
28425690,created_by,almien_coastlines,regular
28426814,source,PGS,regular
28426814,created_by,almien_coastlines,regular
28427892,source,PGS,regular
28427892,created_by,almien_coastlines,regular
28428412,source,PGS,regular
28428412,created_by,almien_coastlines,regular
28429408,source,PGS,regular
28429408,created_by,almien_coastlines,regular
28431286,source,PGS,regular
28431286,created_by,almien_coastlines,regular
28436004,source,PGS,regular
28436004,created_by,almien_coastlines,regular
28436811,source,PGS,regular
28438454,source,PGS,regular
28438689,source,PGS,regular
28438790,source,PGS,regular
28438894,source,PGS,regular
28438994,source,PGS,regular
28439097,source,PGS,regular
28439197,source,PGS,regular
28439301,source,PGS,regular
28440720,source,PGS,regular
28440720,created_by,almien_coastlines,regular
28446607,source,PGS,regular
28448456,source,PGS,regular
28448456,created_by,almien_coastlines,regular
28448807,source,PGS,regular
28448807,created_by,almien_coastlines,regular
28448942,source,PGS,regular
28448942,created_by,almien_coastlines,regular
28449106,source,PGS,regular
28449106,created_by,almien_coastlines,regular
28507906,source,PGS,regular
28507906,created_by,almien_coastlines,regular
28509668,source,PGS,regular
28509668,created_by,almien_coastlines,regular
28510655,source,PGS,regular
28510655,created_by,almien_coastlines,regular
28512017,source,PGS,regular
28512017,created_by,almien_coastlines,regular
28512940,source,PGS,regular
28512940,created_by,almien_coastlines,regular
28514149,source,PGS,regular
28514149,created_by,almien_coastlines,regular
28515036,source,PGS,regular
28515036,created_by,almien_coastlines,regular
28515816,source,PGS,regular
28515816,created_by,almien_coastlines,regular
28518562,source,PGS,regular
28518562,created_by,almien_coastlines,regular
28520534,source,PGS,regular
28520534,created_by,almien_coastlines,regular
28522615,source,PGS,regular
28522615,created_by,almien_coastlines,regular
28524250,source,PGS,regular
28524250,created_by,almien_coastlines,regular
28525657,source,PGS,regular
28525657,created_by,almien_coastlines,regular
28527111,source,PGS,regular
28527111,created_by,almien_coastlines,regular
28530423,source,PGS,regular
28530423,created_by,almien_coastlines,regular
28531526,source,PGS,regular
28531526,created_by,almien_coastlines,regular
28532578,source,PGS,regular
28532578,created_by,almien_coastlines,regular
28533892,source,PGS,regular
28535084,source,PGS,regular
28535996,source,PGS,regular
28535996,created_by,almien_coastlines,regular
28536779,source,PGS,regular
28537927,source,PGS,regular
28537927,created_by,almien_coastlines,regular
28538901,source,PGS,regular
28538901,created_by,almien_coastlines,regular
28540124,source,PGS,regular
28540124,created_by,almien_coastlines,regular
28541267,source,PGS,regular
28541267,created_by,almien_coastlines,regular
28542652,source,PGS,regular
28542652,created_by,almien_coastlines,regular
28544069,source,PGS,regular
28544069,created_by,almien_coastlines,regular
28544703,source,PGS,regular
28544703,created_by,almien_coastlines,regular
28545359,source,PGS,regular
28545359,created_by,almien_coastlines,regular
28546427,source,PGS,regular
28546427,created_by,almien_coastlines,regular
28547310,source,PGS,regular
28547310,created_by,almien_coastlines,regular
28548610,source,PGS,regular
28548610,created_by,almien_coastlines,regular
28549561,source,PGS,regular
28549561,created_by,almien_coastlines,regular
28550891,source,PGS,regular
28554751,source,PGS,regular
28554751,created_by,almien_coastlines,regular
28556651,source,PGS,regular
28556651,created_by,almien_coastlines,regular
28558851,source,PGS,regular
28558851,created_by,almien_coastlines,regular
28561140,source,PGS,regular
28563056,source,PGS,regular
28563056,created_by,almien_coastlines,regular
28565554,source,PGS,regular
28565554,created_by,almien_coastlines,regular
28567145,source,PGS,regular
28570105,source,PGS,regular
28570105,created_by,almien_coastlines,regular
28570997,source,PGS,regular
28570997,created_by,almien_coastlines,regular
28571560,created_by,JOSM,regular
28571870,source,PGS,regular
28572382,source,PGS,regular
28572382,created_by,almien_coastlines,regular
28573134,source,PGS,regular
28574360,source,PGS,regular
28575151,source,PGS,regular
28576274,source,PGS,regular
28577022,source,PGS,regular
28578010,source,PGS,regular
28579148,source,PGS,regular
28580065,source,PGS,regular
28582205,source,PGS,regular
28583477,source,PGS,regular
28584319,source,PGS,regular
28585573,source,PGS,regular
28587025,source,PGS,regular
28589734,source,PGS,regular
28592062,source,PGS,regular
28594257,source,PGS,regular
28607767,source,PGS,regular
28629079,source,PGS,regular
28629079,created_by,almien_coastlines,regular
28635475,source,PGS,regular
28635475,created_by,almien_coastlines,regular
28637871,source,PGS,regular
28637871,created_by,almien_coastlines,regular
28640139,source,PGS,regular
28640139,created_by,almien_coastlines,regular
28643553,source,PGS,regular
28643553,created_by,almien_coastlines,regular
28648659,source,PGS,regular
28648659,created_by,almien_coastlines,regular
28653412,source,PGS,regular
28653412,created_by,almien_coastlines,regular
28662569,source,PGS,regular
28662569,created_by,almien_coastlines,regular
28674503,source,PGS,regular
28694427,source,PGS,regular
28694427,created_by,almien_coastlines,regular
28710232,source,PGS,regular
28710232,created_by,almien_coastlines,regular
28720980,source,PGS,regular
28720980,created_by,almien_coastlines,regular
28736645,source,PGS,regular
28736645,created_by,almien_coastlines,regular
28784518,created_by,JOSM,regular
28784727,created_by,JOSM,regular
28784934,source,PGS,regular
28785294,source,PGS,regular
28785294,created_by,almien_coastlines,regular
28785509,source,PGS,regular
28785997,source,PGS,regular
28785997,created_by,almien_coastlines,regular
28786334,source,PGS,regular
28786334,created_by,almien_coastlines,regular
28786997,source,PGS,regular
28787423,source,PGS,regular
28787423,created_by,almien_coastlines,regular
28788128,source,PGS,regular
28788128,created_by,almien_coastlines,regular
28790139,source,PGS,regular
28790139,created_by,almien_coastlines,regular
28790711,source,PGS,regular
28790711,created_by,almien_coastlines,regular
28791164,source,PGS,regular
28791164,created_by,almien_coastlines,regular
28791781,source,PGS,regular
28791781,created_by,almien_coastlines,regular
28792166,source,PGS,regular
28792350,source,PGS,regular
28792599,source,PGS,regular
28792959,source,PGS,regular
28793272,source,PGS,regular
28793541,source,PGS,regular
28793843,source,PGS,regular
28794618,source,PGS,regular
28795385,source,PGS,regular
28796195,source,PGS,regular
28796800,source,PGS,regular
28797149,source,PGS,regular
28797379,source,PGS,regular
28797676,source,PGS,regular
28797676,created_by,almien_coastlines,regular
28798097,source,PGS,regular
28798289,source,PGS,regular
28798412,source,PGS,regular
28798676,source,PGS,regular
28798952,source,PGS,regular
28799265,source,PGS,regular
28799265,created_by,almien_coastlines,regular
28799787,source,PGS,regular
30198313,created_by,JOSM,regular
31913695,created_by,JOSM,regular
31976953,created_by,JOSM,regular
33616635,name,必胜客 Pizza Hut,regular
33616635,amenity,fast_food,regular
33616635,cuisine,pizza,regular
33616635,en,Pizza Hut,name
33616635,zh,必胜客,name
33616635,zh_pinyin,Bì Shèng Kè,name
33720510,created_by,JOSM,regular
35189741,created_by,JOSM,regular
35672977,created_by,JOSM,regular
59594767,source,PGS,regular
59595609,source,PGS,regular
59595868,source,PGS,regular
59596181,source,PGS,regular
59596757,source,PGS,regular
59597521,source,PGS,regular
59597984,source,PGS,regular
59598309,source,PGS,regular
59598862,source,PGS,regular
59599934,source,PGS,regular
59600735,source,PGS,regular
59601512,source,PGS,regular
59602087,source,PGS,regular
59604287,source,PGS,regular
59606654,source,PGS,regular
59608432,source,PGS,regular
59610264,source,PGS,regular
59613388,source,PGS,regular
59627485,source,PGS,regular
59630617,source,PGS,regular
59633721,source,PGS,regular
59637343,source,PGS,regular
59641041,source,PGS,regular
59642602,source,PGS,regular
59646070,source,PGS,regular
59649889,source,PGS,regular
59657813,source,PGS,regular
59658963,source,PGS,regular
59660728,source,PGS,regular
59662101,source,PGS,regular
59663247,source,PGS,regular
59666127,source,PGS,regular
59676700,source,PGS,regular
59686569,source,PGS,regular
59691883,source,PGS,regular
59698203,source,PGS,regular
59707359,source,PGS,regular
59709708,source,PGS,regular
59710450,source,PGS,regular
59711025,source,PGS,regular
59711811,source,PGS,regular
59712701,source,PGS,regular
59713151,source,PGS,regular
59713447,source,PGS,regular
59714114,source,PGS,regular
59714527,source,PGS,regular
59714879,source,PGS,regular
59716842,source,PGS,regular
59718672,source,PGS,regular
59719548,source,PGS,regular
59946923,source,PGS,regular
59947536,source,PGS,regular
59947785,source,PGS,regular
59947915,source,PGS,regular
59948088,source,PGS,regular
59948242,source,PGS,regular
59948566,source,PGS,regular
59949235,source,PGS,regular
59949424,source,PGS,regular
59949613,source,PGS,regular
59950214,source,PGS,regular
59950554,source,PGS,regular
59951420,source,PGS,regular
59952360,source,PGS,regular
60166602,source,PGS,regular
60166770,source,PGS,regular
60167221,source,PGS,regular
67615405,source,PGS,regular
67629603,source,PGS,regular
67642368,source,PGS,regular
67659260,source,PGS,regular
67670957,source,PGS,regular
67688303,source,PGS,regular
67714065,source,PGS,regular
67732732,source,PGS,regular
67747777,source,PGS,regular
71121975,name,延安高架,regular
71121975,highway,motorway_junction,regular
71121975,en,Yan'an Elevated Road,name
71271050,source,PGS,regular
71311258,source,PGS,regular
71386700,source,PGS,regular
71397960,source,PGS,regular
71406822,source,PGS,regular
71428594,source,PGS,regular
71444408,source,PGS,regular
71469910,source,PGS,regular
71489373,source,PGS,regular
71498892,source,PGS,regular
71509572,source,PGS,regular
71519185,source,PGS,regular
71529993,source,PGS,regular
71538602,source,PGS,regular
71548940,source,PGS,regular
71560466,source,PGS,regular
71580055,source,PGS,regular
71592941,source,PGS,regular
71601006,source,PGS,regular
71610838,source,PGS,regular
71622380,source,PGS,regular
71631007,source,PGS,regular
71640164,source,PGS,regular
71650874,source,PGS,regular
71661974,source,PGS,regular
71666887,source,PGS,regular
71673656,source,PGS,regular
71682886,source,PGS,regular
71692895,source,PGS,regular
71701627,source,PGS,regular
71712299,source,PGS,regular
71721712,source,PGS,regular
71731786,source,PGS,regular
71737044,source,PGS,regular
71742134,source,PGS,regular
71750828,source,PGS,regular
71759866,source,PGS,regular
71769557,source,PGS,regular
71779852,source,PGS,regular
71791872,source,PGS,regular
71799980,source,PGS,regular
71803823,source,PGS,regular
71812864,source,PGS,regular
71827680,source,PGS,regular
71834816,source,PGS,regular
71842859,source,PGS,regular
71850911,source,PGS,regular
71859265,source,PGS,regular
71869009,source,PGS,regular
71873826,source,PGS,regular
71882369,source,PGS,regular
71896751,source,PGS,regular
71908450,source,PGS,regular
71918407,source,PGS,regular
71932082,source,PGS,regular
71951393,source,PGS,regular
71973083,source,PGS,regular
72007763,source,PGS,regular
72029111,source,PGS,regular
72055068,source,PGS,regular
72072084,source,PGS,regular
72091732,source,PGS,regular
72126367,source,PGS,regular
72142645,source,PGS,regular
72163477,source,PGS,regular
72193997,source,PGS,regular
72222815,source,PGS,regular
72246804,source,PGS,regular
72261958,source,PGS,regular
72283264,source,PGS,regular
72306253,source,PGS,regular
72326040,source,PGS,regular
72349406,source,PGS,regular
72374850,source,PGS,regular
72395936,source,PGS,regular
72415339,source,PGS,regular
72456192,source,PGS,regular
72492726,source,PGS,regular
72542796,source,PGS,regular
72581862,source,PGS,regular
72596287,source,PGS,regular
72645160,source,PGS,regular
72667960,source,PGS,regular
72690373,source,PGS,regular
72709358,source,PGS,regular
72737097,source,PGS,regular
72763250,source,PGS,regular
72778608,source,PGS,regular
72791304,source,PGS,regular
72811159,source,PGS,regular
72831377,source,PGS,regular
72852479,source,PGS,regular
72869569,source,PGS,regular
72888653,source,PGS,regular
72901175,source,PGS,regular
72912739,source,PGS,regular
72936909,source,PGS,regular
72982597,source,PGS,regular
72999591,source,PGS,regular
73023258,source,PGS,regular
73046525,source,PGS,regular
73066374,source,PGS,regular
73083063,source,PGS,regular
73092473,source,PGS,regular
73113087,source,PGS,regular
73133699,source,PGS,regular
73190207,source,PGS,regular
73225910,source,PGS,regular
73268914,source,PGS,regular
73297943,source,PGS,regular
73326219,source,PGS,regular
73361996,source,PGS,regular
73399136,source,PGS,regular
73424993,source,PGS,regular
73446879,source,PGS,regular
73477692,source,PGS,regular
73493595,source,PGS,regular
73506666,source,PGS,regular
73517736,source,PGS,regular
73530393,source,PGS,regular
73541264,source,PGS,regular
73547508,source,PGS,regular
73564479,source,PGS,regular
73583843,source,PGS,regular
73608657,source,PGS,regular
73637973,source,PGS,regular
73683040,source,PGS,regular
73701367,source,PGS,regular
73715804,source,PGS,regular
73732390,source,PGS,regular
73751170,source,PGS,regular
73767401,source,PGS,regular
73782584,source,PGS,regular
73791536,source,PGS,regular
73805636,source,PGS,regular
73827557,source,PGS,regular
73848226,source,PGS,regular
73864720,source,PGS,regular
73883729,source,PGS,regular
73895286,source,PGS,regular
73910437,source,PGS,regular
73920954,source,PGS,regular
73942416,source,PGS,regular
73965522,source,PGS,regular
73976391,source,PGS,regular
74006321,source,PGS,regular
74022706,source,PGS,regular
74048165,source,PGS,regular
74062484,source,PGS,regular
74076858,source,PGS,regular
74086294,source,PGS,regular
74099427,source,PGS,regular
74124879,source,PGS,regular
74131123,source,PGS,regular
74153626,source,PGS,regular
74163322,source,PGS,regular
74177656,source,PGS,regular
74200313,source,PGS,regular
74249246,source,PGS,regular
74262315,source,PGS,regular
74281462,source,PGS,regular
74295735,source,PGS,regular
74314232,source,PGS,regular
74337942,source,PGS,regular
74355092,source,PGS,regular
74570634,source,PGS,regular
74581951,source,PGS,regular
74592698,source,PGS,regular
74603894,source,PGS,regular
74618956,source,PGS,regular
74640574,source,PGS,regular
74658848,source,PGS,regular
74670715,source,PGS,regular
74681199,source,PGS,regular
74692134,source,PGS,regular
74713997,source,PGS,regular
74740188,source,PGS,regular
74753133,source,PGS,regular
74765289,source,PGS,regular
74775230,source,PGS,regular
75031310,source,PGS,regular
75072741,source,PGS,regular
75208926,source,PGS,regular
75221922,source,PGS,regular
75240815,source,PGS,regular
75256608,source,PGS,regular
75276124,source,PGS,regular
75302467,source,PGS,regular
76526442,source,PGS,regular
76544807,source,PGS,regular
76617066,source,PGS,regular
76627903,source,PGS,regular
76649348,source,PGS,regular
76657720,source,PGS,regular
76671061,source,PGS,regular
76680461,source,PGS,regular
76690093,source,PGS,regular
76702353,source,PGS,regular
76878788,source,PGS,regular
76888672,source,PGS,regular
76919229,source,PGS,regular
76925316,source,PGS,regular
76932367,source,PGS,regular
76951277,source,PGS,regular
76957791,source,PGS,regular
76978878,source,PGS,regular
76984271,source,PGS,regular
76999939,source,PGS,regular
77007616,source,PGS,regular
77014438,source,PGS,regular
77046168,source,PGS,regular
77052207,source,PGS,regular
77060158,source,PGS,regular
77067122,source,PGS,regular
77074825,source,PGS,regular
77084452,source,PGS,regular
77099022,source,PGS,regular
77108551,source,PGS,regular
77119888,source,PGS,regular
77130225,source,PGS,regular
77146491,source,PGS,regular
77158578,source,PGS,regular
77176748,source,PGS,regular
77190448,source,PGS,regular
77202551,source,PGS,regular
77214093,source,PGS,regular
77225589,source,PGS,regular
77236087,source,PGS,regular
77244175,source,PGS,regular
77261721,source,PGS,regular
77281367,source,PGS,regular
77309589,source,PGS,regular
77323160,source,PGS,regular
77336825,source,PGS,regular
77350931,source,PGS,regular
77364286,source,PGS,regular
77376816,source,PGS,regular
77393511,source,PGS,regular
77406902,source,PGS,regular
77420692,source,PGS,regular
77437454,source,PGS,regular
77454391,source,PGS,regular
77473259,source,PGS,regular
77486759,source,PGS,regular
77507860,source,PGS,regular
77529292,source,PGS,regular
77545835,source,PGS,regular
77565111,source,PGS,regular
77582917,source,PGS,regular
77604333,source,PGS,regular
77622934,source,PGS,regular
77634969,source,PGS,regular
77650563,source,PGS,regular
77660513,source,PGS,regular
77675153,source,PGS,regular
77693536,source,PGS,regular
77714398,source,PGS,regular
77729911,source,PGS,regular
77744732,source,PGS,regular
77752154,source,PGS,regular
77759899,source,PGS,regular
77776952,source,PGS,regular
77788461,source,PGS,regular
77813595,source,PGS,regular
77829115,source,PGS,regular
77843954,source,PGS,regular
77857603,source,PGS,regular
77863554,source,PGS,regular
77883443,source,PGS,regular
77915572,source,PGS,regular
77926254,source,PGS,regular
77955655,source,PGS,regular
77972501,source,PGS,regular
77985435,source,PGS,regular
77996602,source,PGS,regular
78004342,source,PGS,regular
78021355,source,PGS,regular
78039082,source,PGS,regular
78057320,source,PGS,regular
78074670,source,PGS,regular
78087735,source,PGS,regular
78107911,source,PGS,regular
78128618,source,PGS,regular
78138458,source,PGS,regular
78155691,source,PGS,regular
78168107,source,PGS,regular
78181554,source,PGS,regular
78195664,source,PGS,regular
78211555,source,PGS,regular
78223289,source,PGS,regular
78230338,source,PGS,regular
78244192,source,PGS,regular
78254968,source,PGS,regular
78262859,source,PGS,regular
78277858,source,PGS,regular
78287738,source,PGS,regular
78305021,source,PGS,regular
78317038,source,PGS,regular
78328025,source,PGS,regular
78338824,source,PGS,regular
78347121,source,PGS,regular
78354128,source,PGS,regular
78369819,source,PGS,regular
78380927,source,PGS,regular
78394049,source,PGS,regular
78413613,source,PGS,regular
78422372,source,PGS,regular
78427157,source,PGS,regular
78437767,source,PGS,regular
78446220,source,PGS,regular
78451360,source,PGS,regular
78477911,source,PGS,regular
78488383,source,PGS,regular
78502184,source,PGS,regular
78509143,source,PGS,regular
78514765,source,PGS,regular
78518236,source,PGS,regular
78524802,source,PGS,regular
78532880,source,PGS,regular
78541836,source,PGS,regular
78548471,source,PGS,regular
78556374,source,PGS,regular
78563273,source,PGS,regular
78576824,source,PGS,regular
78586968,source,PGS,regular
78596263,source,PGS,regular
78602306,source,PGS,regular
78613786,source,PGS,regular
78629042,source,PGS,regular
78637598,source,PGS,regular
78645112,source,PGS,regular
78653182,source,PGS,regular
78661061,source,PGS,regular
78668558,source,PGS,regular
78674020,source,PGS,regular
78681508,source,PGS,regular
78686676,source,PGS,regular
78694539,source,PGS,regular
78698876,source,PGS,regular
78702208,source,PGS,regular
78708633,source,PGS,regular
78710893,source,PGS,regular
78716037,source,PGS,regular
78719148,source,PGS,regular
78723024,source,PGS,regular
78728877,source,PGS,regular
78735383,source,PGS,regular
78741692,source,PGS,regular
78748101,source,PGS,regular
78757772,source,PGS,regular
78765299,source,PGS,regular
78772196,source,PGS,regular
78778613,source,PGS,regular
78789146,source,PGS,regular
78800375,source,PGS,regular
78815690,source,PGS,regular
78832053,source,PGS,regular
78846583,source,PGS,regular
78859893,source,PGS,regular
78891092,source,PGS,regular
78909813,source,PGS,regular
78918986,source,PGS,regular
78926414,source,PGS,regular
78934713,source,PGS,regular
78949031,source,PGS,regular
78958261,source,PGS,regular
78965554,source,PGS,regular
78989021,source,PGS,regular
79008352,source,PGS,regular
79020425,source,PGS,regular
79028902,source,PGS,regular
79043532,source,PGS,regular
79053893,source,PGS,regular
79077740,source,PGS,regular
79090122,source,PGS,regular
79101752,source,PGS,regular
79113098,source,PGS,regular
79134861,source,PGS,regular
79154281,source,PGS,regular
79169447,source,PGS,regular
79176894,source,PGS,regular
79211010,source,PGS,regular
79237864,source,PGS,regular
79267235,source,PGS,regular
79293889,source,PGS,regular
79310665,source,PGS,regular
79334096,source,PGS,regular
79346294,source,PGS,regular
79363117,source,PGS,regular
79381741,source,PGS,regular
79397007,source,PGS,regular
79409367,source,PGS,regular
79428799,source,PGS,regular
79441678,source,PGS,regular
79456449,source,PGS,regular
79465216,source,PGS,regular
79538667,source,PGS,regular
79581764,source,PGS,regular
79639728,source,PGS,regular
79674688,source,PGS,regular
79757045,source,PGS,regular
79785911,source,PGS,regular
79800244,source,PGS,regular
79812470,source,PGS,regular
79824365,source,PGS,regular
79849908,source,PGS,regular
79874912,source,PGS,regular
79926023,source,PGS,regular
79941320,source,PGS,regular
80036392,source,PGS,regular
80050213,source,PGS,regular
80069533,source,PGS,regular
80079690,source,PGS,regular
80099834,source,PGS,regular
80119224,source,PGS,regular
80141575,source,PGS,regular
80169496,source,PGS,regular
80176677,source,PGS,regular
80188433,source,PGS,regular
80214871,source,PGS,regular
80222269,source,PGS,regular
80230904,source,PGS,regular
80238392,source,PGS,regular
80255478,source,PGS,regular
80265939,source,PGS,regular
80273845,source,PGS,regular
80280843,source,PGS,regular
80286619,source,PGS,regular
80311109,source,PGS,regular
80316234,source,PGS,regular
80337850,source,PGS,regular
80355087,source,PGS,regular
80379685,source,Yahoo imagery,regular
80465856,source,PGS,regular
80473378,source,PGS,regular
80657290,source,PGS,regular
81121078,source,PGS,regular
81126603,source,PGS,regular
81132436,source,PGS,regular
81239175,source,PGS,regular
81311144,source,PGS,regular
81324462,source,PGS,regular
81335462,source,PGS,regular
81507124,source,PGS,regular
81559558,source,PGS,regular
81575078,source,PGS,regular
81609615,source,PGS,regular
81619138,source,PGS,regular
81640146,source,PGS,regular
81729030,source,PGS,regular
81747896,source,PGS,regular
81760889,source,PGS,regular
81771852,source,PGS,regular
81802587,source,PGS,regular
81878930,source,PGS,regular
87932864,created_by,JOSM,regular
88062737,created_by,JOSM,regular
90418390,created_by,JOSM,regular
91181024,created_by,JOSM,regular
91207427,created_by,JOSM,regular
91351684,barrier,toll_booth,regular
91351684,created_by,JOSM,regular
93436894,created_by,JOSM,regular
94667939,created_by,JOSM,regular
100039596,created_by,JOSM,regular
100086800,created_by,JOSM,regular
105199304,created_by,JOSM,regular
109293645,created_by,JOSM,regular
109429507,created_by,JOSM,regular
109732514,created_by,JOSM,regular
115066853,created_by,JOSM,regular
115133149,created_by,JOSM,regular
115392309,created_by,JOSM,regular
119749470,created_by,JOSM,regular
119895389,created_by,JOSM,regular
123608145,created_by,JOSM,regular
127475640,created_by,JOSM,regular
136999395,created_by,JOSM,regular
144026841,created_by,JOSM,regular
146046569,created_by,JOSM,regular
146103885,created_by,JOSM,regular
147991816,created_by,JOSM,regular
243681699,created_by,JOSM,regular
244081858,name,松江区,regular
244081858,place,suburb,regular
244081858,gns:DSG,ADM3,regular
244081858,gns:UFI,-1927125,regular
244081858,gns:UNI,6719580,regular
244081858,en,Songjiang Qu,name
244081858,vi,Tùng Giang,name
244081858,zh,松江区,name
244081858,gns:ADM1,23,regular
244081858,zh_pinyin,Songjiang Qu,name
244084631,name,大新镇,regular
244084631,place,town,regular
244084631,gns:DSG,ADM4,regular
244084631,gns:UFI,10077115,regular
244084631,gns:UNI,10275230,regular
244084631,vi,Đại Tân,name
244084631,zh,大新镇,name
244084631,gns:ADM1,04,regular
244084631,created_by,dkt_GNS-import-1,regular
244084631,zh_pinyin,Daxin Zhen,name
262909282,created_by,JOSM,regular
265747574,highway,traffic_signals,regular
266499315,highway,traffic_signals,regular
267466497,created_by,JOSM,regular
271682869,highway,traffic_signals,regular
298517193,highway,traffic_signals,regular
302041862,name,殷行派出所,regular
302041862,amenity,police,regular
302041862,en,Yinhang Police Station,name
314387409,source,Landsat Imagery,regular
316049213,created_by,Merkaartor 0.12,regular
320236051,housenumber,2,addr
321779200,housenumber,213,addr
325782797,housenumber,168,addr
332253431,amenity,toilets,regular
339577902,highway,traffic_signals,regular
340633994,name,公交蒋村中心站,regular
340633994,amenity,bus_station,regular
340633994,en,Jiangcun Bus Station,name
340633994,zh,公交蒋村中心站,name
340633994,zh_pinyin,Gōngjiāo Jiǎngcūn Zhōngxīn Zhàn,name
343604846,housenumber,187,addr
352666904,name,可的,regular
352666904,shop,convenience,regular
352666904,en,Kedi,name
352666904,zh,可的,name
352666904,created_by,JOSM,regular
352666904,zh_pinyin,Kědí,name
352666904,housenumber,12,addr
388038104,name,杭州银星饭店,regular
388038104,en,Hangzhou Silver Star Hotel,name
388038104,zh,杭州银星饭店,name
388038104,tourism,hotel,regular
388038104,zh_pinyin,Hángzhōu Yínxīng Fàndiàn,name
388038104,housenumber,54,addr
408670148,amenity,bus_station,regular
408670148,name,长途汽车客运站,regular
408670148,en,Long Distance Bus Terminal,name
408670148,zh,长途汽车客运站,name
408670148,wheelchair,yes,regular
430701319,barrier,toll_booth,regular
471986612,name,南浦大桥,regular
471986612,en,Nanpu Bridge,name
471986612,railway,station,regular
474837473,highway,traffic_signals,regular
474868460,highway,traffic_signals,regular
475951962,highway,traffic_signals,regular
476149638,name,中国通商银行大楼,regular
476149638,en,China Merchants Bank Building,name
476149638,tourism,attraction,regular
485240631,name,耀华路,regular
485240631,en,Yaohua Road,name
485240631,zh,耀华路,name
485240631,public_transport,stop_position,regular
558554681,power,tower,regular
558660229,amenity,restaurant,regular
571882448,name,蜀山站,regular
571882448,railway,station,regular
601150136,ref,"28,817",regular
601150136,name,中原路民星路,regular
601150136,highway,bus_stop,regular
601150136,en,Zhongyuan Road Minxing Road,name
601669709,highway,traffic_signals,regular
603947531,highway,traffic_signals,regular
616810270,highway,traffic_signals,regular
618751952,highway,traffic_signals,regular
631339416,name,三岔港,regular
631339416,en,Sanchagang,name
631339416,place,village,regular
640198184,highway,traffic_signals,regular
653853941,highway,motorway_junction,regular
653853941,name,甪直,regular
662708794,name,上海铁路博物馆,regular
662708794,en,Shanghai Railways Museum,name
662708794,tourism,museum,regular
674740798,name,Jim's Bar,regular
674740798,amenity,bar,regular
765317485,historic,memorial,regular
774669117,waterway,weir,regular
800683968,highway,traffic_signals,regular
815075132,name,Ningbo R&D Park,regular
815075132,man_made,works,regular
822647750,foot,yes,regular
822647750,barrier,gate,regular
822647750,bicycle,no,regular
828180952,highway,traffic_signals,regular
829479889,highway,traffic_signals,regular
833654100,highway,traffic_signals,regular
848255477,natural,tree,regular
848698235,source,Bing,regular
848698235,highway,crossing,regular
848698235,crossing_ref,zebra,regular
855810647,name,王府饭店 Wangfu Hotel,regular
855810647,en,Wangfu Hotel,name
855810647,tourism,hotel,regular
859922170,highway,bus_stop,regular
859922170,name,莘庄地铁站,regular
864223545,name,热带风暴水上乐园 Dino Water Park,regular
864223545,leisure,water_park,regular
864223545,en,Dino Water Park,name
864223545,tourism,theme_park,regular
1034285195,highway,bus_stop,regular
1036411331,name,合庆镇,regular
1036411331,source,Bing,regular
1036411331,amenity,post_office,regular
1076635536,highway,traffic_signals,regular
1080174644,waterway,lock_gate,regular
1103204776,power,tower,regular
1103216136,power,tower,regular
1104296764,highway,traffic_signals,regular
1104448776,power,tower,regular
1110167406,power,tower,regular
1110168123,power,tower,regular
1110168738,power,tower,regular
1110168947,power,tower,regular
1110370373,power,tower,regular
1110370555,power,tower,regular
1111323579,power,tower,regular
1111323732,power,tower,regular
1132618890,barrier,toll_booth,regular
1163043918,power,tower,regular
1163044030,power,tower,regular
1163044030,source,Bing,regular
1163044139,power,tower,regular
1163044284,power,tower,regular
1172174591,name,85°度,regular
1172174591,amenity,cafe,regular
1172174591,en,85°C,name
1172174591,opening_hours,24/7,regular
1173911781,traffic_calming,rumble_strip,regular
1174951536,highway,traffic_signals,regular
1176308352,highway,traffic_signals,regular
1176376258,name,河姆渡遗址博物馆,regular
1176376258,tourism,museum,regular
1176376258,int_name,Hemudu Neolithic Site Museum,regular
1176867025,traffic_calming,rumble_strip,regular
1177233627,power,tower,regular
1177234243,power,tower,regular
1196032015,source,Bing,regular
1196032015,highway,turning_circle,regular
1196032388,source,Bing,regular
1196032388,highway,turning_circle,regular
1198071817,traffic_calming,hump,regular
1198154136,highway,traffic_signals,regular
1210082576,highway,traffic_signals,regular
1210131843,power,tower,regular
1210132096,power,tower,regular
1210132526,power,tower,regular
1210132753,power,tower,regular
1218697746,power,tower,regular
1218698650,power,tower,regular
1218699011,power,tower,regular
1219325896,power,tower,regular
1219326176,power,tower,regular
1219326484,power,tower,regular
1219326776,power,tower,regular
1219327115,power,tower,regular
1219327398,power,pole,regular
1219327695,power,pole,regular
1220903581,power,tower,regular
1220904231,power,tower,regular
1220904884,power,tower,regular
1220905578,power,tower,regular
1220906259,power,tower,regular
1220906890,power,tower,regular
1220907486,power,tower,regular
1220908156,power,tower,regular
1220908792,power,pole,regular
1220909465,power,tower,regular
1221127898,traffic_calming,rumble_strip,regular
1230158453,power,tower,regular
1230158738,power,tower,regular
1230158945,power,tower,regular
1230491652,power,tower,regular
1230492034,power,tower,regular
1230492034,source,Bing,regular
1230492442,power,tower,regular
1230492926,power,tower,regular
1230493714,power,tower,regular
1231106309,power,tower,regular
1231106597,power,tower,regular
1231106759,power,tower,regular
1231107002,power,tower,regular
1231107234,power,pole,regular
1231107374,power,tower,regular
1247855573,traffic_calming,hump,regular
1254131927,leisure,marina,regular
1255139851,power,tower,regular
1256828196,building,yes,regular
1275007466,name,Franco Papa,regular
1275007466,shop,bakery,regular
1353357727,traffic_calming,hump,regular
1356042337,power,tower,regular
1356042493,power,tower,regular
1356042697,power,tower,regular
1356042870,power,tower,regular
1356042970,power,tower,regular
1363247546,traffic_calming,rumble_strip,regular
1421548155,power,tower,regular
1421548264,power,tower,regular
1421548373,power,tower,regular
1421735851,power,tower,regular
1421735951,power,tower,regular
1421736052,power,tower,regular
1421736152,power,tower,regular
1421748932,power,tower,regular
1421770746,power,tower,regular
1421770972,power,tower,regular
1439718355,highway,crossing,regular
1439718779,highway,crossing,regular
1455684645,power,tower,regular
1455701154,power,tower,regular
1455701281,power,tower,regular
1455701381,power,pole,regular
1455701496,power,tower,regular
1456532448,power,tower,regular
1456801831,power,tower,regular
1456802072,power,tower,regular
1456802302,power,tower,regular
1456834432,power,tower,regular
1456874451,power,tower,regular
1456982164,power,tower,regular
1456982427,power,tower,regular
1456982748,power,tower,regular
1456983238,power,tower,regular
1457452323,power,tower,regular
1457452423,power,tower,regular
1457454683,power,tower,regular
1464231534,power,tower,regular
1469023921,name,湖心亭,regular
1469023921,amenity,cafe,regular
1469023921,en,Hu Xin Ting (Mid-Lake Pavilion Teahouse),name
1469023921,tourism,attraction,regular
1489367817,name,Pharmacy ,regular
1489367817,highway,bus_stop,regular
1491463108,name,Wind Turbine,regular
1491463108,power,generator,regular
1491463108,source,wind,generator
1500354857,highway,traffic_signals,regular
1514013444,street,杭宁高速公路,addr
1514013444,housenumber,德清,addr
1523918119,power,tower,regular
1523936142,power,tower,regular
1524946889,power,tower,regular
1526802026,power,tower,regular
1564962437,name,米其林,regular
1564962437,shop,car_repair,regular
1564962437,source,near my home,regular
1564962437,en,Michelin,name
1564962437,street,政立路,addr
1564962437,postcode,200433,addr
1588087749,power,tower,regular
1589133039,power,pole,regular
1589133343,power,tower,regular
1589133616,power,pole,regular
1589166059,power,tower,regular
1589746889,highway,traffic_signals,regular
1589747018,highway,crossing,regular
1592410519,highway,crossing,regular
1617076623,power,tower,regular
1617076793,power,tower,regular
1617076893,power,tower,regular
1617077331,power,tower,regular
1618586303,name,长兴岛,regular
1618586303,place,island,regular
1618586303,en,Changxing Island,name
1643377049,barrier,toll_booth,regular
1661526759,power,tower,regular
1663987131,name,双凤寺 Shuangfeng Temple,regular
1663987131,source,GPS,regular
1663987131,amenity,place_of_worship,regular
1663987131,en,Shuangfeng Temple,name
1663987131,ja,双凰寺,name
1663987131,zh,双凤寺,name
1663987131,name,survey,source
1666058770,name,仪征,regular
1666058770,en,Yizheng,name
1666058770,railway,station,regular
1669549181,railway,level_crossing,regular
1678056761,name,文成路,regular
1678056761,highway,bus_stop,regular
1679859797,power,tower,regular
1696430121,name,Duck King Roast Duck Restaurant Hongqiao Shop,regular
1696430121,amenity,restaurant,regular
1699703577,name,兰亭镇,regular
1699703577,place,town,regular
1699703577,source,GNS,regular
1699703577,en,Lanting,name
1699703577,vi,Lan Đình,name
1699703577,zh,兰亭镇,name
1699703577,china_class,zhen,regular
1710977213,source,bing,regular
1711012533,source,bing,regular
1712933598,tourism,viewpoint,regular
1714484408,power,tower,regular
1714484408,source,bing,regular
1719422865,source,Bing,regular
1721516229,highway,crossing,regular
1721553291,highway,crossing,regular
1721668528,highway,crossing,regular
1721680319,highway,crossing,regular
1741025677,traffic_calming,rumble_strip,regular
1741026795,traffic_calming,rumble_strip,regular
1741048247,traffic_calming,rumble_strip,regular
1741068769,traffic_calming,rumble_strip,regular
1741075702,traffic_calming,rumble_strip,regular
1741075952,traffic_calming,rumble_strip,regular
1741657653,traffic_calming,rumble_strip,regular
1741657848,traffic_calming,rumble_strip,regular
1742341235,power,pole,regular
1742490893,highway,crossing,regular
1742801091,power,pole,regular
1742824331,power,tower,regular
1742874542,highway,crossing,regular
1742875061,traffic_calming,rumble_strip,regular
1742914812,traffic_calming,rumble_strip,regular
1743516244,highway,traffic_signals,regular
1746943577,highway,crossing,regular
1747823213,traffic_calming,rumble_strip,regular
1747879405,traffic_calming,rumble_strip,regular
1747879653,traffic_calming,rumble_strip,regular
1747968224,power,tower,regular
1747968326,power,tower,regular
1747968426,power,tower,regular
1747968526,power,tower,regular
1749051475,amenity,bus_station,regular
1749255192,power,tower,regular
1749255192,source,Bing,regular
1749766736,highway,crossing,regular
1750714130,power,tower,regular
1750714351,power,tower,regular
1750714461,power,tower,regular
1750714636,power,pole,regular
1750714944,power,tower,regular
1750715129,power,tower,regular
1750759257,highway,crossing,regular
1750774277,name,沃歌斯,regular
1750774277,amenity,restaurant,regular
1750774277,cuisine,american,regular
1750775977,traffic_calming,rumble_strip,regular
1751223990,highway,traffic_signals,regular
1765779026,highway,crossing,regular
1766385639,highway,crossing,regular
1767165783,aeroway,gate,regular
1767166153,highway,crossing,regular
1768923991,highway,crossing,regular
1769687877,highway,crossing,regular
1769688196,traffic_calming,rumble_strip,regular
1769688475,highway,crossing,regular
1769688764,traffic_calming,rumble_strip,regular
1772354901,name,元竹镇,regular
1772354901,note,Yuanzhu,regular
1772354901,place,town,regular
1772354901,source,GNS,regular
1772354901,china_class,zhen,regular
1773228076,traffic_calming,rumble_strip,regular
1773237285,power,tower,regular
1775365230,highway,bus_stop,regular
1775776069,name,栖霞山,regular
1775776069,source,GPS,regular
1775776069,highway,bus_stop,regular
1775776069,name,survey,source
1781236848,power,tower,regular
1781237329,power,tower,regular
1781237460,power,tower,regular
1781237585,power,tower,regular
1781237719,power,tower,regular
1781237849,power,pole,regular
1781237983,power,tower,regular
1781238116,power,tower,regular
1781238251,power,tower,regular
1782173133,natural,tree,regular
1782240237,power,tower,regular
1782240352,power,tower,regular
1782240457,power,tower,regular
1782240563,power,tower,regular
1782348145,highway,crossing,regular
1782348346,highway,crossing,regular
1782348706,traffic_calming,rumble_strip,regular
1782348825,highway,crossing,regular
1782349229,traffic_calming,rumble_strip,regular
1784684624,colour,#CC6600,regular
1788779985,power,tower,regular
1788779985,source,bing,regular
1788806719,power,tower,regular
1788806719,source,bing,regular
1795874250,power,tower,regular
1795874250,source,bing,regular
1797182698,power,tower,regular
1797182698,source,bing,regular
1802241159,highway,traffic_signals,regular
1813020056,name,浦锦路立跃路,regular
1813020056,highway,bus_stop,regular
1813020056,en,Pujin Road Liyue Road,name
1813020056,public_transport,stop_position,regular
1814690518,traffic_calming,rumble_strip,regular
1815698874,name,朱塘村,regular
1815698874,place,village,regular
1817136073,traffic_calming,rumble_strip,regular
1817136377,traffic_calming,rumble_strip,regular
1817215513,traffic_calming,rumble_strip,regular
1817215808,traffic_calming,rumble_strip,regular
1817292621,highway,crossing,regular
1817292887,highway,crossing,regular
1818578779,power,tower,regular
1818578779,source,Bing,regular
1818578879,power,tower,regular
1818578979,power,pole,regular
1818579283,power,tower,regular
1819934237,traffic_calming,rumble_strip,regular
1822714767,traffic_calming,rumble_strip,regular
1825082258,power,tower,regular
1825082363,power,tower,regular
1825082463,power,tower,regular
1825099087,power,tower,regular
1825099187,power,tower,regular
1825130079,power,tower,regular
1825130179,power,tower,regular
1825130283,power,tower,regular
1825130401,power,tower,regular
1825130670,power,tower,regular
1826054314,highway,crossing,regular
1830502662,street,黄渡 • 绿苑路,addr
1830502662,housenumber,247,addr
1835348657,name,宝华,regular
1835348657,source,GPS,regular
1835348657,highway,bus_stop,regular
1835348657,name,survey,source
1835831667,highway,crossing,regular
1836104864,name,土桥西,regular
1836104864,source,GPS,regular
1836104864,highway,bus_stop,regular
1836104864,name,Survey,source
1846813298,name,石塔宾馆,regular
1846813298,tourism,hotel,regular
1873250720,name,迎宾高速 (3) 收费站,regular
1873250720,barrier,toll_booth,regular
1873250720,en,Yingbin Expressway (3) Toll Booth,name
1876797483,highway,crossing,regular
1876797483,crossing,unpatrolled,regular
1876870973,highway,crossing,regular
1877634063,natural,tree,regular
1877683610,natural,tree,regular
1878345689,highway,crossing,regular
1878345689,crossing,unpatrolled,regular
1881631902,name,武进路吴淞路,regular
1881631902,highway,bus_stop,regular
1881631902,en,Wujin Road Wusong Road,name
1881631902,public_transport,stop_position,regular
1881817639,highway,traffic_signals,regular
1883229767,name,周家嘴路双阳路,regular
1883229767,highway,bus_stop,regular
1883229767,en,Zhoujiazui Road Shuangyang Road,name
1883229767,public_transport,stop_position,regular
1887554983,amenity,clock,regular
1933295801,barrier,bollard,regular
1969222728,highway,bus_stop,regular
1969222728,tactile_paving,no,regular
1971990271,name,农机公司站,regular
1971990271,amenity,bus_station,regular
1972036362,name,聚英酒楼,regular
1972036362,amenity,restaurant,regular
1972098344,name,五羊-本田,regular
1972098344,shop,car,regular
1979732150,barrier,toll_booth,regular
1981641959,highway,crossing,regular
1981861540,railway,crossing,regular
1988189589,highway,traffic_signals,regular
2102447184,amenity,marketplace,regular
2127190650,power,tower,regular
2127190823,power,tower,regular
2135965702,power,tower,regular
2151717144,name,Kakadu,regular
2151717144,amenity,restaurant,regular
2151717144,cuisine,steak_house,regular
2205441609,power,tower,regular
2302273421,name,鸿运酒楼,regular
2302273421,amenity,restaurant,regular
2302273421,cuisine,chinese,regular
2302549616,bus,yes,regular
2302549616,name,钱江湾花园,regular
2302549616,bench,yes,regular
2302549616,amenity,bus_station,regular
2302549616,public_transport,platform,regular
2305152205,barrier,toll_booth,regular
2316278487,name,Candles Bar,regular
2316278487,amenity,bar,regular
2316278487,opening_hours,Mo-Su 11:00-03:00,regular
2348015719,highway,crossing,regular
2405428702,highway,traffic_signals,regular
2407541764,name,停车场,regular
2407541764,amenity,parking,regular
2412731258,highway,motorway_junction,regular
2455158369,name,华清大桥站,regular
2455158369,railway,station,regular
2455158369,station,subway,regular
2456446922,name,南湖家园站,regular
2456446922,railway,station,regular
2456446922,station,subway,regular
2476732538,name,盛家河,regular
2476732538,place,hamlet,regular
2482637395,name,湖源乡,regular
2482637395,place,town,regular
2482637395,source,GNS,regular
2482637395,en,Huyuan,name
2482637395,china_class,xiang,regular
2484521595,amenity,parking,regular
2485081309,barrier,lift_gate,regular
2485491136,highway,traffic_signals,regular
2496715533,power,tower,regular
2498569476,power,tower,regular
2525434964,name,石璜镇,regular
2525434964,place,town,regular
2525434964,source,GNS,regular
2525434964,en,Shihuang,name
2525434964,china_class,zhen,regular
2526547438,amenity,fuel,regular
2526547438,building,yes,regular
2529088841,power,generator,regular
2529088841,source,wind,generator
2555481187,power,tower,regular
2555481287,power,tower,regular
2555481387,power,tower,regular
2555481546,power,tower,regular
2555481770,power,tower,regular
2555561495,power,tower,regular
2555561837,power,tower,regular
2555562094,power,tower,regular
2555677721,power,tower,regular
2555682700,power,tower,regular
2555719084,power,tower,regular
2556191131,power,tower,regular
2556191432,power,tower,regular
2556191717,power,tower,regular
2556192009,power,tower,regular
2556192315,power,tower,regular
2557193283,power,tower,regular
2557981480,power,tower,regular
2559119253,power,tower,regular
2561954808,power,tower,regular
2563211839,power,tower,regular
2563323778,power,tower,regular
2568293550,power,tower,regular
2568293780,power,tower,regular
2581150346,power,generator,regular
2581150346,source,wind,generator
2602423665,name,Shanghai Yubi Digital Technology (Video Production),regular
2602423665,phone,+86 21 6630 1433,regular
2602423665,website,www.yubi-digital.com,regular
2602423665,city,Shanghai,addr
2602423665,street,柳营路,addr
2602423665,postcode,200072,addr
2602423665,housename,"Suite 3-307, Xingzhan Building,",addr
2602423665,bitcoin,yes,payment
2602423665,housenumber,"No. 20, 205",addr
2602423665,litecoin,yes,payment
2605986576,power,tower,regular
2605986576,source,bing,regular
2616167894,power,generator,regular
2616167894,source,wind,generator
2624213826,power,generator,regular
2624213826,source,wind,generator
2636302598,amenity,bench,regular
2636302598,backrest,yes,regular
2685095115,leisure,sports_centre,regular
2686102836,name,家乐福,regular
2686102836,shop,supermarket,regular
2688510398,name,仙霞西路福泉路站,regular
2688510398,note,141路,regular
2688510398,highway,bus_stop,regular
2696073315,name,葛江中学,regular
2696073315,amenity,school,regular
2718016403,shop,laundry,regular
2775030094,name,华联超市,regular
2775030094,shop,supermarket,regular
2775030094,city,上海市,addr
2775030094,street,仙霞西路,addr
2775886463,power,generator,regular
2775886463,source,wind,generator
2830239653,name,江宁高铁站,regular
2830239653,en,Jiangning,name
2830239653,railway,station,regular
2833907218,power,tower,regular
2835240231,amenity,bicycle_parking,regular
2848575040,power,tower,regular
2848575040,source,bing,regular
2854585727,power,tower,regular
2854585727,source,Bing,regular
2854608715,power,tower,regular
2854608715,source,Bing,regular
2854609415,power,tower,regular
2854609415,source,Bing,regular
2854682702,power,tower,regular
2854682702,source,Bing,regular
2854691526,power,tower,regular
2854691526,source,Bing,regular
2854692501,power,tower,regular
2854692501,source,Bing,regular
2868052712,power,tower,regular
2868052712,source,Bing,regular
2870026983,power,tower,regular
2870026983,source,Bing,regular
2870027211,power,tower,regular
2870027211,source,Bing,regular
2870028210,power,tower,regular
2870028210,source,Bing,regular
2872733724,name,锦浪旅馆,regular
2874976115,power,tower,regular
2874976115,source,Bing,regular
2874976527,power,tower,regular
2874976527,source,Bing,regular
2874977909,power,tower,regular
2874977909,source,Bing,regular
2874980213,power,tower,regular
2874980213,source,Bing,regular
2874980515,power,tower,regular
2874980515,source,Bing,regular
2874980709,power,tower,regular
2874980709,source,Bing,regular
2874981027,power,tower,regular
2874981027,source,Bing,regular
2874981238,power,tower,regular
2874981238,source,Bing,regular
2874982531,power,tower,regular
2874982531,source,Bing,regular
2874992510,power,tower,regular
2874992510,source,Bing,regular
2875164705,power,tower,regular
2875164705,source,Bing,regular
2875389808,power,tower,regular
2875389808,source,Bing,regular
2875390403,power,tower,regular
2875390403,source,Bing,regular
2875391207,power,tower,regular
2875391207,source,Bing,regular
2878162705,power,tower,regular
2878162705,source,Bing,regular
2878163302,power,tower,regular
2878163302,source,Bing,regular
2878512746,power,tower,regular
2878512746,source,Bing,regular
2878513141,power,pole,regular
2878513141,source,Bing,regular
2878513573,power,tower,regular
2878513573,source,Bing,regular
2878513988,power,tower,regular
2878513988,source,Bing,regular
2878514238,power,tower,regular
2878514238,source,Bing,regular
2878569112,power,tower,regular
2878569112,source,Bing,regular
2882180403,power,pole,regular
2882180403,source,Bing,regular
2886633709,power,tower,regular
2891289853,name,景虹超市,regular
2891289853,shop,supermarket,regular
2894827524,power,tower,regular
2894827524,source,Bing,regular
2897771539,power,tower,regular
2897771539,source,Bing,regular
2897772403,power,tower,regular
2897772403,source,Bing,regular
2897932008,power,tower,regular
2897932208,power,tower,regular
2900358142,power,tower,regular
2900358142,source,Bing,regular
2900358707,power,tower,regular
2900358707,source,Bing,regular
2900359320,power,tower,regular
2905991036,power,tower,regular
2905991036,source,Bing,regular
2905991308,power,tower,regular
2905991308,source,Bing,regular
2905991445,power,tower,regular
2905991445,source,Bing,regular
2905991728,power,tower,regular
2905991728,source,Bing,regular
2905992101,power,tower,regular
2905992101,source,Bing,regular
2905992714,power,tower,regular
2905992714,source,Bing,regular
2905994609,power,tower,regular
2905994609,source,Bing,regular
2907315712,power,tower,regular
2907315712,source,Bing,regular
2907316023,power,tower,regular
2907316023,source,Bing,regular
2907316306,power,tower,regular
2907316306,source,Bing,regular
2908292208,power,tower,regular
2908292208,source,Bing,regular
2908292428,power,tower,regular
2908292428,source,Bing,regular
2908293124,power,tower,regular
2908293124,source,Bing,regular
2908293508,power,tower,regular
2908293508,source,Bing,regular
2908536403,power,tower,regular
2908536403,source,Bing,regular
2908715549,power,tower,regular
2908715549,source,Bing,regular
2908715943,power,pole,regular
2908715943,source,Bing,regular
2908718704,power,tower,regular
2908718704,source,Bing,regular
2911852524,power,tower,regular
2911852524,source,Bing,regular
2911853114,power,tower,regular
2911853114,source,Bing,regular
2911853512,power,tower,regular
2911853512,source,Bing,regular
2915634353,barrier,gate,regular
2915634453,barrier,gate,regular
2918444038,name,七堡,regular
2918444038,en,Qibao,name
2918444038,railway,station,regular
2981987539,highway,traffic_signals,regular
2982541263,highway,traffic_signals,regular
2984463278,highway,traffic_signals,regular
2989324761,highway,traffic_signals,regular
2992371084,name,新亚大包,regular
2992371084,amenity,restaurant,regular
2999194322,name,金沙雅苑吉镇路门,regular
2999194322,landuse,residential,regular
3003946388,name,真南新村,regular
3003946388,highway,bus_stop,regular
3024010887,name,区精神卫生中心,regular
3024010887,amenity,hospital,regular
3035752920,power,tower,regular
3040081611,power,tower,regular
3041682756,ref,185A,regular
3041682756,name,泰州大桥 泰州,regular
3041682756,highway,motorway_junction,regular
3048342350,highway,traffic_signals,regular
3049826049,highway,traffic_signals,regular
3053474133,ref,4,regular
3053474133,railway,subway_entrance,regular
3054895561,name,吕四港镇,regular
3054895561,place,town,regular
3054895561,en,Lvsigang Town,name
3062532068,name,交通局,regular
3062532068,bench,yes,regular
3062532068,highway,bus_stop,regular
3062532068,en,Bureau of Transportation,name
3062532068,network,南通市区公交,regular
3062532068,shelter,yes,regular
3067861596,noexit,yes,regular
3071469796,amenity,restaurant,regular
3071469796,cuisine,burger,regular
3071469796,en,Burger King,name
3080457734,ref,4,regular
3080457734,railway,subway_entrance,regular
3082219733,ref,2,regular
3082219733,railway,subway_entrance,regular
3100335531,ref,4,regular
3100335531,railway,subway_entrance,regular
3100352130,ref,1,regular
3100352130,railway,subway_entrance,regular
3100385029,ref,4,regular
3100385029,railway,subway_entrance,regular
3114705131,ref,2,regular
3114705131,name,1号出口,regular
3114705131,railway,subway_entrance,regular
3114849430,ref,2,regular
3114849430,railway,subway_entrance,regular
3116485129,ref,1,regular
3116485129,railway,subway_entrance,regular
3116513849,ref,1,regular
3116513849,railway,subway_entrance,regular
3117732572,name,展示中心,regular
3117732572,highway,bus_stop,regular
3128768801,name,郭庄镇,regular
3128768801,place,town,regular
3128768801,en,Guozhuang Town,name
3131309603,power,tower,regular
3139402803,landuse,reservoir,regular
3139684224,barrier,lift_gate,regular
3147058645,power,tower,regular
3152065875,power,tower,regular
3160522867,name,姚港路虹桥路南,regular
3160522867,bench,yes,regular
3160522867,highway,bus_stop,regular
3160522867,en,Yaogang & Hongqiao Intersection South,name
3160522867,network,南通市区公交,regular
3160522867,shelter,yes,regular
3162475195,name,蓝印花布博物馆,regular
3162475195,bench,yes,regular
3162475195,highway,bus_stop,regular
3162475195,en,Blue Calico Museum,name
3162475195,network,南通市区公交,regular
3162475195,shelter,yes,regular
3162475195,historic_name,蓝印花布馆,regular
3182250274,name,烟草公司,regular
3182250274,bench,yes,regular
3182250274,highway,bus_stop,regular
3182250274,en,Tobacco Company,name
3182250274,network,南通市区公交,regular
3182250274,shelter,yes,regular
3183952765,name,军山,regular
3183952765,bench,yes,regular
3183952765,highway,bus_stop,regular
3183952765,en,Junshan Hill,name
3183952765,network,南通市区公交,regular
3183952765,shelter,yes,regular
3187772203,name,先锋驾校,regular
3187772203,bench,yes,regular
3187772203,highway,bus_stop,regular
3187772203,en,Xianfeng Driving School,name
3187772203,network,南通市区公交,regular
3187772203,shelter,yes,regular
3192408676,name,妇幼保健院,regular
3192408676,bench,yes,regular
3192408676,highway,bus_stop,regular
3192408676,en,Maternal and Child Health Hospital,name
3192408676,network,南通市区公交,regular
3192408676,shelter,yes,regular
3196814173,power,tower,regular
3196814173,source,Bing,regular
3208517856,landuse,commercial,regular
3222854170,name,瑞丽织染公司,regular
3222854170,bench,no,regular
3222854170,highway,bus_stop,regular
3222854170,en,Ruili Weaving and Dyeing Company,name
3222854170,network,南通市区公交,regular
3222854170,shelter,no,regular
3242034650,name,园林路花园路口,regular
3242034650,bench,no,regular
3242034650,highway,bus_stop,regular
3242034650,en,Yuanlin & Huayuan Intersection,name
3242034650,network,南通市区公交,regular
3242034650,shelter,no,regular
3245699515,highway,traffic_signals,regular
3257743269,name,观音山街办,regular
3257743269,bench,no,regular
3257743269,highway,bus_stop,regular
3257743269,en,Guanyinshan Town Government,name
3257743269,network,南通市区公交,regular
3257743269,shelter,no,regular
3275839988,highway,traffic_signals,regular
3290305259,power,tower,regular
3290305259,source,Bing,regular
3290320772,power,tower,regular
3290320772,source,Bing,regular
3292215571,power,tower,regular
3292215571,source,Bing,regular
3292291526,power,tower,regular
3292291526,source,Bing,regular
3295058365,power,tower,regular
3296817770,power,tower,regular
3296817770,source,Bing,regular
3298116510,power,tower,regular
3298116510,source,Bing,regular
3298125207,power,tower,regular
3298125207,source,Bing,regular
3298136265,power,tower,regular
3298136265,source,Bing,regular
3298137070,power,tower,regular
3298137070,source,Bing,regular
3298138311,power,tower,regular
3298138311,source,Bing,regular
3298138976,power,tower,regular
3298138976,source,Bing,regular
3298143332,power,tower,regular
3298143332,source,Bing,regular
3298145203,power,tower,regular
3298145203,source,Bing,regular
3298145504,power,tower,regular
3298145504,source,Bing,regular
3298171763,power,tower,regular
3298309574,power,tower,regular
3298309574,source,Bing,regular
3298309986,power,tower,regular
3298309986,source,Bing,regular
3298310678,power,tower,regular
3298310678,source,Bing,regular
3298311095,power,tower,regular
3298311095,source,Bing,regular
3298414077,power,tower,regular
3298414077,source,Bing,regular
3298890576,power,tower,regular
3298890576,source,Bing,regular
3298954368,power,tower,regular
3298954368,source,Bing,regular
3298972667,power,tower,regular
3298972667,source,Bing,regular
3298973366,power,tower,regular
3298973366,source,Bing,regular
3298973875,power,tower,regular
3298973875,source,Bing,regular
3298974568,power,tower,regular
3298974568,source,Bing,regular
3299059165,power,tower,regular
3299059165,source,Bing,regular
3300235015,power,tower,regular
3300235015,source,Bing,regular
3300235315,power,tower,regular
3300235315,source,Bing,regular
3300274615,power,tower,regular
3300274615,source,Bing,regular
3301673694,barrier,toll_booth,regular
3302128390,name,三山镇,regular
3302128390,place,town,regular
3304744967,power,tower,regular
3304744967,source,Bing,regular
3304747083,power,tower,regular
3304747083,source,Bing,regular
3304775665,power,tower,regular
3304775665,source,Bing,regular
3304776261,power,tower,regular
3304776261,source,Bing,regular
3304777270,power,tower,regular
3304777270,source,Bing,regular
3305111377,power,tower,regular
3305111477,power,tower,regular
3306522434,power,tower,regular
3306522434,source,Bing,regular
3306544180,power,tower,regular
3306544180,source,Bing,regular
3306544297,power,tower,regular
3306544297,source,Bing,regular
3306544406,power,tower,regular
3306544406,source,Bing,regular
3306544583,power,tower,regular
3306544583,source,Bing,regular
3306544688,power,tower,regular
3306544688,source,Bing,regular
3306544799,power,tower,regular
3306544799,source,Bing,regular
3306545075,power,tower,regular
3306545075,source,Bing,regular
3306546073,power,tower,regular
3306546073,source,Bing,regular
3307305068,power,tower,regular
3307305068,source,Bing,regular
3307317561,power,tower,regular
3307317561,source,Bing,regular
3307318363,power,tower,regular
3307318363,source,Bing,regular
3307319171,power,tower,regular
3307319171,source,Bing,regular
3307320666,power,tower,regular
3307320666,source,Bing,regular
3310961364,power,tower,regular
3310967064,power,tower,regular
3312996794,power,tower,regular
3312996794,source,Bing,regular
3312997374,power,tower,regular
3312997374,source,Bing,regular
3312997581,power,tower,regular
3312997581,source,Bing,regular
3326232099,ref,614,regular
3326232099,aeroway,parking_position,regular
3334724659,ref,402B,regular
3334724659,aeroway,parking_position,regular
3334733222,ref,341,regular
3334733222,aeroway,parking_position,regular
3335669470,ref,15,regular
3335669470,aeroway,gate,regular
3335856187,ref,61,regular
3335856187,layer,2,regular
3335856187,aeroway,gate,regular
3335856562,ref,36,regular
3335856562,layer,2,regular
3335856562,aeroway,gate,regular
3337200413,bench,yes,regular
3337200413,highway,bus_stop,regular
3337200413,name,江华机械,regular
3337200413,en,Jianghua Machinery,name
3337200413,network,南通市区公交,regular
3337200413,shelter,yes,regular
3340738181,power,tower,regular
3340738181,source,Bing,regular
3340745208,power,tower,regular
3340745208,source,Bing,regular
3340745467,power,tower,regular
3340745467,source,Bing,regular
3340745782,power,tower,regular
3340745782,source,Bing,regular
3340748694,power,tower,regular
3340748694,source,Bing,regular
3340749204,power,tower,regular
3340749204,source,Bing,regular
3340751522,power,tower,regular
3340751522,source,Bing,regular
3340751708,power,tower,regular
3340751708,source,Bing,regular
3340752343,power,tower,regular
3340752343,source,Bing,regular
3342231121,power,tower,regular
3342231121,source,Bing,regular
3342232196,power,tower,regular
3342232196,source,Bing,regular
3362920556,highway,traffic_signals,regular
3365930127,highway,traffic_signals,regular
3368810732,name,压赛堰,regular
3368810732,subway,yes,regular
3368810732,en,Yasaiyan,name
3368810732,network,宁波市轨道交通,regular
3368810732,railway,station,regular
3368810732,public_transport,station,regular
3379005202,name,幸福驾校,regular
3379005202,bench,yes,regular
3379005202,highway,bus_stop,regular
3379005202,en,Xingfu Driving School,name
3379005202,network,南通市区公交,regular
3379005202,shelter,yes,regular
3379005202,historic_name,幸福派出所,regular
3385777263,name,消防主题公园,regular
3385777263,leisure,park,regular
3388711185,name,江华菜市场,regular
3388711185,shop,garden_centre,regular
3389253144,source,Bing Imagery,regular
3389253144,natural,tree,regular
3390996413,building,yes,regular
3408106723,name,明天广场,regular
3408106723,building,house,regular
3410437052,name,四海家园,regular
3410437052,bench,yes,regular
3410437052,highway,bus_stop,regular
3410437052,en,Sihai Jiayuan,name
3410437052,network,南通市区公交,regular
3410437052,shelter,yes,regular
3414635403,power,tower,regular
3416012322,power,tower,regular
3428072741,name,星湖101东,regular
3428072741,bench,no,regular
3428072741,highway,bus_stop,regular
3428072741,en,Xinghu 101 East,name
3428072741,network,南通市区公交,regular
3428072741,shelter,no,regular
3432479815,name,砖瓦厂路口,regular
3432479815,highway,bus_stop,regular
3432479815,network,南通市区公交,regular
3440056175,power,generator,regular
3440056175,method,combustion,generator
3440056175,source,coal,generator
3442013055,power,tower,regular
3442015855,power,tower,regular
3442172626,power,tower,regular
3443714843,highway,motorway_junction,regular
3445181511,power,tower,regular
3445181511,source,Bing,regular
3445219094,power,tower,regular
3445219094,source,Bing,regular
3451517688,name,滨江街道,regular
3451517688,en,Binjiang Subdistrict,name
3451517688,place,suburb,regular
3453183176,highway,bus_stop,regular
3453183176,name,江海河,regular
3453183176,network,南通市区公交,regular
3458698742,name,包家桥,regular
3458698742,highway,bus_stop,regular
3458698742,network,南通市区公交,regular
3466876278,power,tower,regular
3466876378,power,tower,regular
3468865343,name,新玻园区路口,regular
3468865343,highway,bus_stop,regular
3468865343,network,南通市区公交,regular
3470732356,name,牡丹南路口,regular
3470732356,highway,bus_stop,regular
3470732356,network,南通市区公交,regular
3472504561,name,西亭镇政府,regular
3472504561,highway,bus_stop,regular
3472504561,network,南通市区公交,regular
3472528453,name,国强路江通路南,regular
3472528453,bench,no,regular
3472528453,highway,bus_stop,regular
3472528453,network,南通市区公交,regular
3472528453,shelter,no,regular
3476167970,bench,yes,regular
3476167970,highway,bus_stop,regular
3476167970,historic_name,通掘路朝霞路口,regular
3476167970,name,希望路朝霞路口,regular
3476167970,en,Xiwang & Zhaoxia Intersection,name
3476167970,network,南通市区公交,regular
3476167970,shelter,yes,regular
3485485643,name,星嘉花园,regular
3485485643,bench,yes,regular
3485485643,highway,bus_stop,regular
3485485643,en,Xingjia Huayuan,name
3485485643,network,南通市区公交,regular
3485485643,shelter,yes,regular
3490632964,bench,yes,regular
3490632964,highway,bus_stop,regular
3490632964,name,工业博览城,regular
3490632964,en,Industrial Exhibition Mall,name
3490632964,network,南通市区公交,regular
3490632964,shelter,yes,regular
3492597165,waterway,lock_gate,regular
3492708712,waterway,lock_gate,regular
3507967038,amenity,restaurant,regular
3538753205,power,tower,regular
3538931138,power,tower,regular
3545973564,highway,traffic_signals,regular
3554145899,highway,bus_stop,regular
3557463174,power,tower,regular
3557463474,power,tower,regular
3557463974,power,tower,regular
3557464174,power,tower,regular
3557464474,power,tower,regular
3560637774,power,tower,regular
3587194762,name,大兴中心路口,regular
3587194762,highway,bus_stop,regular
3587194762,network,南通市区公交,regular
3610030442,name,丁群街华丰路口自行车租赁点,regular
3610030442,amenity,bicycle_rental,regular
3610054542,name,东新园北门自行车租赁点,regular
3610054542,amenity,bicycle_rental,regular
3610054842,name,之江路(市民林)自行车租赁点,regular
3610054842,amenity,bicycle_rental,regular
3610055042,name,伟业路滨康路口西南自行车租赁点,regular
3610055042,amenity,bicycle_rental,regular
3610055542,name,再行路264号自行车租赁点,regular
3610055542,amenity,bicycle_rental,regular
3610055742,name,南大街合作银行自行车租赁点,regular
3610055742,amenity,bicycle_rental,regular
3610056142,name,地铁金沙湖站西南角自行车租赁点,regular
3610056142,amenity,bicycle_rental,regular
3610056346,name,学林街六零六号自行车租赁点,regular
3610056346,amenity,bicycle_rental,regular
3610056546,name,康中路迪欧家私自行车租赁点,regular
3610056546,amenity,bicycle_rental,regular
3610056848,name,文三西路一五六号自行车租赁点,regular
3610056848,amenity,bicycle_rental,regular
3610057048,name,景芳五区自行车租赁点,regular
3610057048,amenity,bicycle_rental,regular
3610057249,name,民俗展览馆自行车租赁点,regular
3610057249,amenity,bicycle_rental,regular
3610057550,name,清江路208号自行车租赁点,regular
3610057550,amenity,bicycle_rental,regular
3610057751,name,环城北路167号自行车租赁点,regular
3610057751,amenity,bicycle_rental,regular
3610057951,name,石祥路石桥路西北角自行车租赁点,regular
3610057951,amenity,bicycle_rental,regular
3610058152,name,翠苑二区6幢自行车租赁点,regular
3610058152,amenity,bicycle_rental,regular
3610058452,name,莲花街七六号自行车租赁点,regular
3610058452,amenity,bicycle_rental,regular
3610058665,name,西溪路七十五号自行车租赁点,regular
3610058665,amenity,bicycle_rental,regular
3610058965,name,钱潮路凤起东路口东北角自行车租赁点,regular
3610058965,amenity,bicycle_rental,regular
3610059065,name,高银巷自行车租赁点,regular
3610059065,amenity,bicycle_rental,regular
3610298464,name,Fat Cow,regular
3610298464,amenity,restaurant,regular
3610298464,cuisine,burger,regular
3617136830,highway,traffic_signals,regular
3634876508,name,新丰镇,regular
3634876508,place,town,regular
3640115809,name,必胜客,regular
3640115809,amenity,restaurant,regular
3640115809,cuisine,pizza,regular
3642670563,amenity,restaurant,regular
3645380931,name,中国银行=玉树路支行,regular
3645380931,amenity,bank,regular
3657412053,name,Bank of Ningbo,regular
3657412053,amenity,atm,regular
3657412053,operator,Bank of Ningbo,regular
3662541739,highway,traffic_signals,regular
3663943464,barrier,gate,regular
3665807457,bench,yes,regular
3665807457,highway,bus_stop,regular
3665807457,name,星源花苑,regular
3665807457,en,Xingyuan Huayuan,name
3665807457,network,南通市区公交,regular
3665807457,shelter,yes,regular
3667716510,name,Incity,regular
3667716510,shop,mall,regular
3667716510,amenity,restaurant,regular
3686806265,name,石东桥,regular
3686806265,highway,bus_stop,regular
3686806265,network,南通市区公交,regular
3686857569,name,静室路口,regular
3686857569,highway,bus_stop,regular
3686857569,network,南通市区公交,regular
3694982328,name,新通掘路碧华路口,regular
3694982328,highway,bus_stop,regular
3694982328,network,南通市区公交,regular
3696604102,power,tower,regular
3699319466,name,乐购超市,regular
3699319466,shop,supermarket,regular
3699319466,en,Tesco Supermarket,name
3733235876,name,阳光硅谷,regular
3733235876,highway,bus_stop,regular
3734668286,name,布勒机械厂,regular
3734668286,highway,bus_stop,regular
3740352138,name,体育中心,regular
3740352138,highway,bus_stop,regular
3740822471,name,姜山,regular
3740822471,railway,station,regular
3741134026,name,溧阳宾馆,regular
3741134026,highway,bus_stop,regular
3751083410,name,进东村东路口,regular
3751083410,highway,bus_stop,regular
3751083410,network,南通市区公交,regular
3751093780,name,南六总路口,regular
3751093780,highway,bus_stop,regular
3751093780,network,南通市区公交,regular
3751287410,city,上海市,addr
3751287410,street,鹤庆路358弄,addr
3751287410,postcode,200240,addr
3751287410,housenumber,82,addr
3753073077,name,Cityshop,regular
3753073077,shop,supermarket,regular
3753073077,operator,Cityshop,regular
3757670633,name,五亭园,regular
3757670633,highway,bus_stop,regular
3788529162,amenity,toilets,regular
3789373018,name,沧屿桥,regular
3789373018,highway,bus_stop,regular
3790337880,height,9,regular
3790337880,natural,tree,regular
3790337880,leaf_type,broadleaved,regular
3790337880,leaf_cycle,deciduous,regular
3790425997,name,中国银行,regular
3790425997,amenity,bank,regular
3794239799,name,宁启高架南,regular
3794239799,highway,bus_stop,regular
3794239799,network,南通市区公交,regular
3800216250,bus,yes,regular
3800216250,public_transport,stop_position,regular
3808615599,height,12,regular
3808615599,natural,tree,regular
3808615599,leaf_type,broadleaved,regular
3808615599,leaf_cycle,deciduous,regular
3848368337,foot,yes,regular
3848368337,access,no,regular
3848368337,barrier,bollard,regular
3848368337,bicycle,yes,regular
3848368337,motorcycle,yes,regular
3852252973,height,6,regular
3852252973,natural,tree,regular
3852252973,leaf_type,broadleaved,regular
3852252973,leaf_cycle,deciduous,regular
3861905590,name,孙李桥中心路口,regular
3861905590,highway,bus_stop,regular
3861905590,network,南通市区公交,regular
3872641765,name,五接镇,regular
3872641765,highway,bus_stop,regular
3872641765,network,南通市区公交,regular
3893315676,name,石东集居点,regular
3893315676,highway,bus_stop,regular
3893315676,network,南通市区公交,regular
3904701938,name,J座-工业设计打样中心,regular
3904701938,office,yes,regular
3913042391,foot,no,regular
3913042391,access,no,regular
3913042391,barrier,gate,regular
3913042391,bicycle,no,regular
3931701410,amenity,restaurant,regular
3931954103,height,7,regular
3931954103,natural,tree,regular
3931954103,leaf_type,broadleaved,regular
3931954103,leaf_cycle,deciduous,regular
3932312840,power,generator,regular
3932312840,method,combustion,generator
3932312840,source,coal,generator
3934134444,height,6,regular
3934134444,natural,tree,regular
3934134444,leaf_type,broadleaved,regular
3934134444,leaf_cycle,deciduous,regular
3935878735,height,10,regular
3935878735,natural,tree,regular
3935878735,leaf_type,broadleaved,regular
3935878735,leaf_cycle,deciduous,regular
3936329008,height,12,regular
3936329008,natural,tree,regular
3936329008,leaf_type,needleleaved,regular
3936329008,leaf_cycle,evergreen,regular
3937895117,height,12,regular
3937895117,natural,tree,regular
3937895117,leaf_type,broadleaved,regular
3937895117,leaf_cycle,deciduous,regular
3937938204,height,5,regular
3937938204,natural,tree,regular
3937938204,leaf_type,broadleaved,regular
3937938204,leaf_cycle,deciduous,regular
3938081043,leisure,outdoor_seating,regular
3938081043,weather_protection,parasol,regular
3947690352,height,8,regular
3947690352,natural,tree,regular
3947690352,leaf_type,broadleaved,regular
3947690352,leaf_cycle,deciduous,regular
3953231055,height,10,regular
3953231055,natural,tree,regular
3953231055,leaf_type,broadleaved,regular
3953231055,leaf_cycle,deciduous,regular
3953406142,highway,bus_stop,regular
3953699028,height,8,regular
3953699028,natural,tree,regular
3953699028,leaf_type,broadleaved,regular
3953699028,leaf_cycle,deciduous,regular
3954892526,railway,switch,regular
3957001895,height,10,regular
3957001895,man_made,flagpole,regular
3959253162,height,10,regular
3959253162,natural,tree,regular
3959253162,leaf_type,broadleaved,regular
3959253162,leaf_cycle,deciduous,regular
3967085977,place,hamlet,regular
3971777289,height,15,regular
3971777289,natural,tree,regular
3971777289,leaf_type,broadleaved,regular
3971777289,leaf_cycle,deciduous,regular
3977817404,name,弘文学校,regular
3977817404,amenity,school,regular
3978940630,place,village,regular
3980986149,full,人民中路s起凤街(西)西120&孩儿巷南-北路东95,addr
3980986149,amenity,bicycle_rental,regular
3980986149,capacity,22,regular
3980986149,name,端平桥西,regular
3980986149,network,南通市区公共自行车,regular
3980986149,note,崇川,regular
3980986149,operator,南通永久公共自行车公司,regular
3980986149,start_date,2013-4-5,regular
3980986149,website,http://www.nantongbike.com/,regular
3981803203,full,外环西路e(门北)青年西路北215&任港路南500,addr
3981803203,amenity,bicycle_rental,regular
3981803203,capacity,20,regular
3981803203,name,市司法局,regular
3981803203,network,南通市区公共自行车,regular
3981803203,note,崇川,regular
3981803203,operator,南通永久公共自行车公司,regular
3981803203,start_date,2012-12-28,regular
3981803203,website,http://www.nantongbike.com/,regular
3993139407,full,海秀街w(门北)崇川路北75&江秀路东75,addr
3993139407,amenity,bicycle_rental,regular
3993139407,capacity,28,regular
3993139407,name,中国人民银行,regular
3993139407,network,南通市区公共自行车,regular
3993139407,note,崇川,regular
3993139407,operator,南通永久公共自行车公司,regular
3993139407,start_date,2012-12-26,regular
3993139407,website,http://www.nantongbike.com/,regular
3995629063,height,10,regular
3995629063,natural,tree,regular
3995629063,leaf_type,broadleaved,regular
3995629063,leaf_cycle,deciduous,regular
4002902317,height,8,regular
4002902317,natural,tree,regular
4002902317,leaf_type,broadleaved,regular
4002902317,leaf_cycle,deciduous,regular
4007188808,bench,yes,regular
4007188808,highway,bus_stop,regular
4007188808,name,资生路永怡路口,regular
4007188808,en,Zisheng & Yongyi Intersection,name
4007188808,network,南通市区公交,regular
4007188808,shelter,yes,regular
4009169003,railway,level_crossing,regular
4010859289,barrier,gate,regular
4023242893,height,10,regular
4023242893,natural,tree,regular
4023242893,leaf_type,broadleaved,regular
4023242893,leaf_cycle,deciduous,regular
4023276223,bench,no,regular
4023276223,highway,bus_stop,regular
4023276223,historic_name,水榭花都,regular
4023276223,name,水榭花都小区,regular
4023276223,network,南通市区公交,regular
4023276223,shelter,no,regular
4023963288,height,5,regular
4023963288,natural,tree,regular
4023963288,leaf_type,broadleaved,regular
4023963288,leaf_cycle,deciduous,regular
4028202863,name,沙畈,regular
4028202863,place,village,regular
4032548707,height,12,regular
4032548707,natural,tree,regular
4032548707,leaf_type,broadleaved,regular
4032548707,leaf_cycle,deciduous,regular
4033375937,power,tower,regular
4033375937,source,bing,regular
4033376737,power,tower,regular
4036240045,height,10,regular
4036240045,natural,tree,regular
4036240045,leaf_type,broadleaved,regular
4036240045,leaf_cycle,deciduous,regular
4036435567,height,8,regular
4036435567,natural,tree,regular
4036435567,leaf_type,broadleaved,regular
4036435567,leaf_cycle,deciduous,regular
4052321833,power,tower,regular
4062586612,natural,cave_entrance,regular
4063602545,place,village,regular
4064642849,name,晶品 The Light Stuff,regular
4064642849,en,The Light Stuff,name
4064642849,zh,晶品,name
4064642849,shop,kiosk,regular
4064642849,website,https://www.shanghaidisneyresort.com/shops/theme-park/light-stuff/,regular
4064642849,en,https://www.shanghaidisneyresort.com/en/shops/theme-park/light-stuff/,website
4065639144,barrier,gate,regular
4095708420,power,tower,regular
4098855924,name,浙江大学西迁纪念亭,regular
4098855924,historic,monument,regular
4107946696,entrance,service,regular
4143732989,name,申港街道社区服务中心,regular
4143732989,office,government,regular
4150566043,amenity,toilets,regular
4155609948,name,公共厕所,regular
4155609948,amenity,toilets,regular
4156963026,name,Teahouse of South Garden,regular
4156963026,amenity,restaurant,regular
4156963026,cuisine,chinese,regular
4160747245,highway,turning_circle,regular
4160770242,atm,yes,regular
4160770242,name,ICBC,regular
4160770242,amenity,bank,regular
4166842013,emergency,fire_hydrant,regular
4166842113,emergency,fire_hydrant,regular
4187555031,power,tower,regular
4204918961,highway,traffic_signals,regular
4204918961,traffic_signals,signal,regular
4208666467,power,tower,regular
4223034197,highway,crossing,regular
4226218505,name,新华一村,regular
4226218505,highway,bus_stop,regular
4226218505,en,Xinhuayicun Estate,name
4226218505,public_transport,stop_position,regular
4240734749,power,tower,regular
4240734949,power,tower,regular
4240735049,power,tower,regular
4240735249,power,tower,regular
4240735549,power,tower,regular
4240735849,power,tower,regular
4240735949,power,tower,regular
4240736049,power,tower,regular
4240736149,power,tower,regular
4240736249,power,tower,regular
4240736349,power,tower,regular
4240736451,power,tower,regular
4240736551,power,tower,regular
4240738766,power,tower,regular
4240767263,power,tower,regular
4241522965,power,tower,regular
4241527465,power,tower,regular
4241527765,power,tower,regular
4241528065,power,tower,regular
4241528165,power,tower,regular
4241528265,power,tower,regular
4241528365,power,tower,regular
4241528465,power,tower,regular
4241528665,power,tower,regular
4241528865,power,tower,regular
4242515128,power,tower,regular
4242515228,power,tower,regular
4242515628,power,tower,regular
4242515928,power,tower,regular
4242516228,power,tower,regular
4242516328,power,tower,regular
4242516428,power,tower,regular
4242860127,power,tower,regular
4242860227,power,tower,regular
4242860327,power,tower,regular
4242860427,power,tower,regular
4242860527,power,tower,regular
4242860727,power,tower,regular
4242908356,power,pole,regular
4242908557,power,pole,regular
4244173999,power,pole,regular
4244499810,power,pole,regular
4245994210,power,pole,regular
4246025906,power,pole,regular
4246522752,name,宋庄村,regular
4246522752,place,village,regular
4246522752,en,Songzhuang,name
4246522752,zh,宋庄村,name
4249995888,name,汇金路 (在建),regular
4249995888,en,Huijin Road (Future),name
4249995888,railway,station,regular
4250472390,railway,switch,regular
4256188358,power,pole,regular
4301622419,power,tower,regular
4305355545,name,鼓楼,regular
4305355545,historic,monument,regular
4315239578,barrier,gate,regular
4320721947,power,tower,regular
4320796448,power,tower,regular
4320796548,power,tower,regular
4320796748,power,tower,regular
4337956709,place,village,regular
4347304389,name,海上国际影城,regular
4347304389,amenity,cinema,regular
4347408695,name,外滩,regular
4347408695,en,The Bund,name
4347408695,zh,外滩,name
4347408695,tourism,viewpoint,regular
4352437392,name,游客中心,regular
4352437392,tourism,information,regular
4352688169,highway,crossing,regular
4352688169,crossing,controlled,regular
4361390794,name,一点点,regular
4361390794,shop,beverages,regular
4361390794,zh,一点点,name
4362550827,amenity,marketplace,regular
4364843464,amenity,telephone,regular
4379723590,shop,optician,regular
4379723590,phone,+86 138 1609 3747,regular
4379723590,de,Jimmy Chen Glasses,name
4379723590,street,虹梅路,addr
4379723590,housenumber,3721,addr
4397393944,shop,hairdresser,regular
4397393944,city,上海,addr
4397393944,street,风阳路,addr
4397393944,housenumber,531,addr
4397696309,city,上海,addr
4397696309,street,武胜路,addr
4397696309,housenumber,114,addr
4398414037,amenity,restaurant,regular
4398414037,cuisine,seafood,regular
4398414037,en,Seafood Noodles,name
4398414037,city,上海,addr
4398414037,street,长乐路,addr
4423071489,name,渤海银行CBHB,regular
4423071489,amenity,bank,regular
4423071489,zh,渤海银行CBHB,name
4426032493,name,特步,regular
4426032493,shop,shoes,regular
4426032493,zh,特步,name
4427429079,name,西湖音乐港,regular
4427429079,amenity,restaurant,regular
4427429079,zh,西湖音乐港,name
4427429079,zh-CN,西湖音乐港,name
4427429079,zh-Hant-CN,西湖音樂港,name
4432036889,amenity,school,regular
4432677890,amenity,recycling,regular
4432677890,recycling_type,container,regular
4432678190,amenity,recycling,regular
4432678190,recycling_type,container,regular
4449504390,name,明谷科技园,regular
4449504390,shop,supermarket,regular
4449504390,street,中春路,addr
4449504390,housenumber,7001,addr
4457979712,amenity,bicycle_rental,regular
4461336019,highway,crossing,regular
4461660116,power,tower,regular
4476051190,name,英尚铁板烧,regular
4476051190,amenity,restaurant,regular
4476051190,zh,英尚铁板烧,name
4485610291,historic,memorial,regular
4485610291,name,宋庆龄陵园,regular
4485610291,en,Song Qingling Mausoleum,name
4489836861,name,胜利路钟秀路南,regular
4489836861,bench,no,regular
4489836861,highway,bus_stop,regular
4489836861,en,Shengli & Zhongxiu Intersection South,name
4489836861,network,南通市区公交,regular
4489836861,shelter,no,regular
4498281092,name,上海城市历史发展陈列馆,regular
4498281092,en,Shanghai Municipal History Museum,name
4498281092,zh,上海城市历史发展陈列馆,name
4498281092,tourism,museum,regular
4524359795,name,新华路科润路西,regular
4524359795,bench,no,regular
4524359795,highway,bus_stop,regular
4524359795,en,Xinhua & Kerun Intersection West,name
4524359795,network,南通市区公交,regular
4524359795,shelter,no,regular
4532474867,name,锦江之星,regular
4532474867,zh,锦江之星,name
4532474867,tourism,hotel,regular
4532474867,zh-CN,锦江之星,name
4532474867,zh-hant-CN,錦江之星,name
4537543424,name,Black Magic,regular
4537543424,amenity,cafe,regular
4542431097,amenity,bar,regular
4542431097,cuisine,sandwich;american,regular
4542431097,en,co. cheese,name
4542431097,street,East Yuyuan Road,addr
4559501191,name,好德,regular
4559501191,shop,convenience,regular
4559501191,en,al'days,name
4559501191,street,淮海中路,addr
4559501191,housenumber,1879号,addr
4569074661,access,no,regular
4569074661,entrance,yes,regular
4569868292,name,宝杨路,regular
4569868292,subway,yes,regular
4569868292,en,Baoyang Road,name
4569868292,public_transport,stop_position,regular
4570243013,name,孙武文化园,regular
4570243013,railway,station,regular
4571267054,name,常熟路,regular
4571267054,en,Changshu Road,name
4571267054,zh,常熟路,name
4571267054,network,上海地铁,regular
4571267054,public_transport,stop_position,regular
4571267054,subway,yes,regular
4591432438,power,tower,regular
4618796239,power,tower,regular
4639343196,aeroway,parking_position,regular
4639343196,ref,333,regular
4674819095,amenity,cinema,regular
4674819095,en,Jinyi International Cinemas,name
4674819095,he,קולנוע,name
4674819095,opening_hours,Mo-Su 09:30-23:00,regular
4684987289,amenity,restaurant,regular
4684987289,name,真老大房(鮮肉月餅),regular
4685443917,artwork_type,sculpture,regular
4685443917,tourism,artwork,regular
4698269490,name,Ticket office The tiger Hill Scenic,regular
4698269490,zh,Ticket office The tiger Hill Scenic,name
4698269490,opening_hours,Mo-Su 07:30-17:30,regular
4698269490,shop,ticket,regular
4706216189,amenity,community_centre,regular
4706216189,en,Tea culture exchange center,name
4709941571,barrier,toll_booth,regular
4710106853,highway,services,regular
4712239935,name,里范家,regular
4712239935,en,Lifanjia,name
4712239935,zh,里范家,name
4712239935,place,village,regular
4712239935,name,GNS,source
4714081912,shop,car,regular
4715184491,highway,bus_stop,regular
4715184491,name,航新路,regular
4715184491,en,Hangxin Road,name
4715184491,zh,航新路,name
4715184491,network,上海公交,regular
4715184491,public_transport,stop_position,regular
4715184491,trolleybus,yes,regular
4727265356,amenity,bicycle_rental,regular
4727265356,capacity,24,regular
4727265356,name,扬子高丽,regular
4727265356,network,南通市区公共自行车,regular
4727265356,note,开发区,regular
4727265356,operator,南通永安公共自行车公司,regular
4727265356,website,http://www.ntbike.com/,regular
4728668406,amenity,bicycle_rental,regular
4728668406,capacity,40,regular
4728668406,name,江山股份3号门,regular
4728668406,network,南通市区公共自行车,regular
4728668406,note,开发区,regular
4728668406,operator,南通永安公共自行车公司,regular
4728668406,website,http://www.ntbike.com/,regular
4729250089,housenumber,245,addr
4729250089,street,马当路,addr
4729250089,en,ricostru,name
4729250089,shop,clothes,regular
4750249121,amenity,bank,regular
4750249121,name,中国工商银行ICBC,regular
4750249121,zh,中国工商银行ICBC,name
4755075903,power,tower,regular
4764326758,building,yes,regular
4764326758,name,冲浪台,regular
4770478522,amenity,restaurant,regular
4770478522,en,Shun Feng,name
4770687974,city,杭州市,addr
4770687974,district,萧山区,addr
4770687974,full,浙江省杭州市萧山区城厢街道滨康路55号5-6层及1层大堂,addr
4770687974,housenumber,55,addr
4770687974,province,浙江省,addr
4770687974,street,滨康路,addr
4770687974,subdistrict,城厢街道,addr
4770687974,name,速8酒店杭州滨康路地铁站店（内宾）,regular
4770687974,en,Super 8 Hotel Hangzhou Binkang Road Subway Station (No Foreigners),name
4770687974,operator,速8酒店,regular
4770687974,tourism,hotel,regular
4771298528,tourism,viewpoint,regular
4772326649,natural,peak,regular
4776962025,amenity,atm,regular
4776962025,operator,Bank of China,regular
4826672714,historic,archaeological_site,regular
4826672714,name,曹氏宗祠,regular
4828071828,name,运河,regular
4828071828,place,village,regular
4828072675,name,新镇,regular
4828072675,place,village,regular
4831908078,name,育民,regular
4831908078,place,village,regular
4831908186,name,广运,regular
4831908186,place,village,regular
4850972021,en,Foss,name
4850972021,shop,electronics,regular
4852740021,name,Tax b,regular
4852740021,tourism,attraction,regular
4861258109,natural,tree,regular
4861265224,natural,tree,regular
4861307053,natural,tree,regular
4861308153,natural,tree,regular
4861318339,natural,tree,regular
4865812780,natural,tree,regular
4865832377,natural,tree,regular
4872831857,amenity,fuel,regular
4883416227,amenity,parking,regular
4884826301,amenity,fountain,regular
4888992569,amenity,fast_food,regular
4888992569,cuisine,chicken,regular
4888992569,name,KFC,regular
4909262061,amenity,fountain,regular
4915873931,amenity,community_centre,regular
4915873931,name,进鲜港村公共服务中心,regular
4915874031,amenity,community_centre,regular
4915874031,name,北潭村公共服务中心,regular
4920562622,street,Xueyuan Road,addr
4920562622,name,HRC,regular
4920562622,zh,HRC,name
4920562622,tourism,hotel,regular
4922007178,name,莫干山路（在建）,regular
4922007178,railway,station,regular
4933524717,housenumber,2419,addr
4933524717,street,虹桥路,addr
4933524717,building,house,regular
4933524717,heritage,4,regular
4933524717,operator,上海市优秀历史建筑,heritage
4933524717,cn,4M044,ref
4933524717,start_date,1930,regular
4950511721,amenity,fuel,regular
4950511721,name,中国石化,regular
4950511721,zh,中国石化,name
